-4.871791317936242649e+01,1.328371543318082182e+01,3.036593044508699535e+01
-4.361099007567919728e+01,1.492249066558926884e+01,2.424889493204853608e+01
2.108404045798401683e+00,-7.925349973442305895e+01,2.840460308136803036e+01
-4.843444618894258014e+01,-1.795907260797761396e+01,4.186880558754779713e+00
-7.277352807793901945e+01,3.925541692178644126e+00,2.393362699780245961e+01
-1.062405654842215696e+01,-5.566692660471481702e+01,3.496926243242155863e+01
1.137718540456253535e+01,-4.532588525247415845e+00,8.063192902811895380e+00
1.186434234683490274e+01,4.966320480929392600e-01,1.353706202842060335e+01
-1.950211946887821313e+01,-6.485458139940548961e+01,2.248683961118687691e+01
6.958414457657573493e+00,1.074371676387405827e+01,1.287054502035223891e+01
1.584293285865795653e+00,-6.859298075982515286e+00,3.323769161991248211e+01
-3.783470287956872369e+01,-1.426100534754287941e-01,5.477665050906674438e+00
-5.723417020738793326e+01,-1.799019776281332739e+01,4.205139986922025841e+00
-3.033613013276714199e+01,-5.206178645698603447e+01,1.009589565396057509e+01
-3.138877453416681718e+01,-3.390767609983454633e+01,2.296783248790375964e+01
-2.188370646456223056e+01,1.009668904187180338e+01,2.446099631979094724e+01
1.360705321989895289e+01,-3.653715595766759350e+01,2.124499144101528714e+01
1.486284271791283196e+01,-2.630309197967035928e+01,2.721557005958688435e+01
-1.534985244211442001e+01,1.042106403808824311e+01,5.899971385588719919e+00
1.186602629603615711e+01,-4.520725896841055302e+00,2.026911424484470459e+01
-3.028765533988539005e+01,1.255499126935657372e+01,1.184799080357511869e+01
-1.773480326831166920e+01,1.249280932342464112e+01,3.109920745403488951e+01
-7.103948413937978046e+01,6.591568161997185982e+00,4.718945051710089267e+00
4.093870797122358240e+00,-6.946169857519649327e+01,2.181643969424279916e+01
5.868005596645457622e+00,7.252486982968380680e+00,3.162857753403490690e+01
-4.797357974631133715e+01,6.545601465155055365e-01,3.034962792732154568e+01
7.348119125434033450e+00,5.421959674347577085e+00,1.961743218753129980e+01
1.797670234126801603e+01,-4.661264780777651140e+01,8.884871660592359888e+00
6.512510175284235814e+00,-7.181136286001681412e-01,1.413122006333672687e+01
-5.990238429600098158e+01,6.860737607004916416e-01,3.025676889991604668e+01
6.821372988035230733e+00,-5.748012089962908355e+00,7.820982330504827829e+00
3.498692175542899463e+00,-7.149993800701670921e+01,3.469025265757777987e+01
-1.115508571791352566e+01,1.168086771718333594e+01,1.236608350088312314e+01
-2.562346297888590385e+01,-5.070978044004284868e+01,1.015963476235289420e+01
1.359249017297845796e+01,-4.151998490246499784e+01,8.713337080391172051e+00
7.840027524392948477e-01,-6.135568746757184044e+01,2.812924028777322860e+01
5.104316734088060414e+00,8.587250444699083829e+00,2.565394425422911695e+01
-8.802199263385826811e+00,-7.024390332187428498e+01,9.706777141306778489e+00
8.274913404179336851e+00,1.807059346551986412e+00,2.591839421117729358e+01
-7.381558916599023235e+01,-1.361168568014978764e+00,1.108734824609569358e+01
-5.979992333784005965e+00,-6.776435848969799736e+01,3.194907972257048812e+00
1.125800818271410364e+01,1.081333572504590279e+01,4.308152964655952988e-01
1.401431374108386230e+01,-1.599015135232844997e+00,3.266234438623312997e+01
1.172150093802416926e+01,-5.794485849717981552e+01,2.584390821464053634e+00
-5.032952848360408016e-01,-6.002728562870987616e+01,3.414897717671325950e+01
-6.615472249738702715e+01,5.092778361513469854e+00,3.019325939397325698e+01
1.434286406694758931e+00,-6.574233284974249614e+01,2.998331139072954787e+00
3.232850553852349318e+00,-7.063498698998638758e+01,1.574903887956242876e+01
1.695407203998989942e+01,9.222685559201533323e+00,1.370398271856178063e+01
1.712441127043260991e+01,-2.199340593021610957e+01,3.362312380695846059e+01
1.260678192468300018e+01,-2.451596742531922501e+01,2.099584564034108780e+01
4.992729125058778195e+00,1.780606631604170431e+00,2.010361253041750729e+01
-5.210975403026503727e+01,-1.476957076139964009e+01,2.960828281245876070e+01
-3.215540925378497406e+01,1.249857593504368047e+01,1.811274003644440711e+01
3.861225941804849349e+00,-2.469938194673214227e+01,1.467552010305876919e+01
-4.077711065547274671e+01,9.443176211696572508e+00,2.425272645107239455e+01
-4.717078567460841754e+01,1.710902218380761397e+01,5.479791236977874291e+00
-2.518835429589141839e+01,1.474511192531875814e+01,2.475243389474859868e+01
6.670840592091915155e+00,-2.029131973030510849e+01,2.711464833630579463e+01
1.070134325975291922e+01,1.604011585631855752e+01,6.905467305797327704e+00
-1.985858808328182068e+00,-7.168003436824945140e+01,1.567805426679409564e+01
-3.355050663754421691e+01,-4.602899981908289107e+01,3.787819487419340270e+00
1.327635367285838086e+01,5.347404428980059299e-01,1.885732387960771561e+01
-8.326717287518899724e+00,-6.627059636270298881e+01,2.852024448492165476e+01
-5.380102756923671592e+01,-1.471864156984767114e+01,1.677203437857950874e+01
-2.657811333947622146e+01,-4.103711976127264904e+01,1.014478600467929326e+01
-2.855219775984645736e+01,4.899855057521877555e+00,3.080140594188006276e+01
4.601254121583028045e+00,9.007046911600060213e+00,7.337614850025723001e+00
-2.509207796162310711e+00,-3.565422517842457495e+01,2.751899935494581229e+01
-1.351857100941497469e+00,3.471381404200075682e+00,1.234999242959368893e+01
7.147056529144971471e+00,2.529915694480101493e-02,8.297328588872902699e+00
-2.238834798472371546e+01,1.075518398168131640e+01,1.212358379544736309e+01
-7.135397495390978406e+01,-1.737440725388947627e+01,1.693481408186971038e+01
7.135643100387449422e+00,6.720907106989701063e+00,1.997527524668681309e+01
1.048447742117876125e+01,-5.277461887248298211e+01,2.588693609590092759e+00
-7.857994019587152934e+01,2.238012875544580726e+00,2.967910533959640773e+01
-2.931807270736047411e+00,2.025321839981200611e+01,1.244890306080786857e+01
-7.193066702841908011e+01,-3.233755749401645119e+00,2.972146383150347759e+01
1.140236850344432717e+01,3.511796472871028918e+00,1.500762813483035085e+00
-4.379226232782384542e+00,-6.968636886368501848e+01,3.025965055067528997e+00
1.857624906092923212e+01,1.936112430737199075e+00,3.302629991661222419e+01
-1.592752207350100413e+01,-6.179829615164631207e+01,2.863017193095760859e+01
-6.990428173249689792e+00,-6.930358862568058953e+01,2.830375794454729288e+01
9.388873052117997275e+00,1.468790103219446408e+01,7.021800005743450868e+00
3.100242166639752828e+00,6.796690249354543134e+00,1.279159032453922151e+01
4.136929966096064004e-01,7.834542083115756839e+00,2.647480682747018221e+01
-4.551783066991634819e+00,-6.732689632885553976e+01,1.558776560887544704e+01
7.546019124805077638e+00,-5.414816243161927645e+01,9.026816239972101030e+00
-5.940448287518076853e+01,-5.556740690765479940e+00,2.340281432438178300e+01
1.468825131150101981e+01,-1.142120118385607341e+01,1.452084560790354928e+01
1.044060753631583260e+01,1.083513502365476500e+00,1.587666734257312307e+00
2.526268286610677372e+00,-6.084455561066729246e+01,2.781263261793594666e+01
8.087949982130684390e+00,-4.274916391761110646e+01,2.142410851962516460e+01
1.195275936584001819e+01,3.395867642215654181e-01,1.686983670243741074e+00
2.376708854966897100e+00,-5.949787637379504446e-01,3.149725918525737001e+01
2.737734590713554184e+00,6.479633034621601340e+00,2.578954408161171585e+01
8.230708715268420406e+00,-4.589139208894282262e+01,1.488952247260453454e+01
1.580003714809011583e+01,4.953293580495112813e+00,2.020066564728474390e+01
-8.128651254750580790e+01,-1.142626695826521299e+01,2.957786942205667557e+01
-2.032997107903729894e+00,1.209702245579415880e+01,6.693214575939603783e+00
5.055958449440258740e+00,1.030683524365932513e+01,3.190475530052768249e+01
8.318964961052174312e-01,-4.399760307475170151e+01,2.770473885160408756e+01
2.105854881237398502e+00,-7.331859779016397738e+01,9.543351405344150606e+00
9.124659414789352496e+00,-6.792758208594113967e+01,9.248045298547127757e+00
6.722466005881145179e+00,-6.779929097598430587e+01,9.342944268126501584e+00
2.981092892897058366e+00,-7.326920417265372976e+01,3.466860846467659485e+01
-1.120493250997937729e+01,8.233557120945871333e+00,5.908793879084818457e+00
1.543059452466730974e+01,5.242290932075333032e+00,1.250613076600516127e+00
-2.875976240746130230e+01,5.461638289864144014e+00,2.441066664835167899e+01
-5.446970197408685266e+01,5.144174259038347685e+00,1.075198116395141135e+01
-5.314279358961705668e+01,9.177672141005336570e+00,1.784864822249430816e+01
-6.479424676690311458e+01,5.624128503590507755e+00,1.707289246012174289e+01
7.117076025990923149e+00,1.096243888272968903e+01,2.009873887717326824e+01
-4.490213573038884931e+01,6.907384943119469156e+00,1.165025031988465720e+01
-3.610714297591507638e+00,-7.474503784877710189e+01,3.327897057964499972e+00
1.180570495385077656e+01,1.365110105395550022e+01,1.304688079791367805e+01
7.470567992005205937e+00,1.542284858284840254e+01,1.906891774402235029e+01
-1.563619686845179491e+00,9.277228887297983562e+00,1.378614047773073992e+01
6.025835559507855876e+00,1.026476331930838271e+01,6.618611014334609521e+00
6.438424882730373611e+00,1.842337928564933947e+01,2.561243081318166759e+01
6.685659062733859237e+00,1.094268962591661953e+01,1.928997821815295310e+01
-1.498030121906905165e+01,-5.217846504486114156e+01,9.859990158969521801e+00
2.525606161473555211e+00,1.344596713405390531e+01,2.540103128483932693e+01
1.314125922854933393e+01,-1.446552849968675147e+01,2.703488334654424463e+01
4.765908883594141443e+00,-8.483455376921888558e+00,1.412038569571305402e+01
6.420216852311893874e+00,9.013671487346574196e+00,6.611225546497975003e+00
1.436119685893038067e+01,8.670845023422971920e+00,1.346243418016203997e+01
-6.086225708932228429e+01,-1.237884219360038784e+01,4.280949670866874612e+00
5.395059441028680070e+00,1.209497770919265847e+01,7.578789639203987960e+00
1.566286135177971595e+01,6.029874091301428152e+00,2.071375360047984415e+01
7.055481554834615920e+00,-4.602786069919508449e+00,3.321150537038436568e+01
-5.343767931450798869e+01,-2.097018526388169946e+01,1.063486712105845378e+01
6.767488259774668835e-01,1.245490531910193077e+01,2.545864072978297088e+01
-6.731158480583384573e+01,-1.023044769883241756e+01,2.973317743451092454e+01
-4.622403612579334720e+01,-2.162439260400574170e+01,1.052983776571618435e+01
-2.730752325472603204e+01,-4.725438508532582205e+01,9.943923401910927495e+00
1.232477694235521115e+00,-5.893548407193147654e+01,9.104660447241741394e+00
-3.490171947146118470e+01,-2.832897125031124119e+01,1.033513560414008836e+01
-3.600883163287407740e+01,1.740731544441003820e+01,3.076300709446309867e+01
-2.797473152742923119e+01,-4.938622480462494480e+01,2.247125702685348969e+01
1.307552332363382241e+01,6.321792140083308809e+00,1.123809496643913608e+00
-4.752754051285013048e+01,-2.265001064532260244e+01,1.040510173714999631e+01
7.611697531745369005e+00,-4.451752423034154305e+01,1.501828650576567270e+01
-2.615646548681533545e+01,5.955752123217824767e+00,2.455767762156768086e+01
-7.071910527142522085e+01,5.679352162447172392e-02,4.741515044560863146e+00
-6.717071663665261383e+01,2.890087976208183473e+00,1.716166319023646025e+01
1.018133123715698574e+01,-2.353450326619810351e+00,1.408827347294353771e+01
-7.030261480918738926e+01,-2.989580029774230319e+00,4.892805559239821633e+00
7.802696288213141429e+00,-4.202520189123782046e+01,2.415581424804523536e+00
-3.242778187809573609e+00,1.922087987288805522e+01,1.247730610678932806e+01
5.949008123015103067e+00,1.777885471083963509e+01,1.879962990139732426e+01
-6.820108095692712880e+01,-9.624182473782813219e+00,2.964617856755429059e+01
4.205581876743641701e+00,-4.402561339306426902e+00,2.059413032230361651e+01
3.469038393772879036e+00,-6.403803411871561480e+01,1.548471215526693356e+01
-4.884642347411681129e+01,2.037951579803105417e+01,2.427758563109517809e+01
-6.211303760546125119e+01,4.588041334489975753e+00,1.772241605197120151e+01
-2.446703251393857315e+01,-4.470126440550681224e+01,3.889116550748406897e+00
-4.152209885392112909e+01,-3.849745810695635839e+01,4.041815008545887267e+00
9.606847637674590601e+00,-1.818828158370946824e+01,1.468938044603246418e+01
-4.915543580792819389e-01,3.821282323858717689e+00,1.222969608050182444e+01
1.262768728276091501e+01,9.475865402392880554e+00,6.500194812762589258e+00
-1.968668883473109332e+01,6.037466678733456327e+00,5.622696690149595611e+00
2.642739069992713574e+00,8.030375078549104373e+00,1.134690366064726286e+00
-3.270196372616197067e+01,-4.864295326129061436e+01,3.901830755099237713e+00
1.103217495266750525e+01,-5.046491131318808954e+01,2.640219336217608515e+00
-2.419602523327053945e+01,-4.636119218407493747e+01,3.829167236112323902e+00
7.630400088356442900e+00,-5.774157474542975166e+01,8.927158118310519086e+00
1.177400589263505637e+01,9.635089277518129602e-01,1.555090925941410074e+00
-2.418486211289427246e+01,-5.020185116717453155e+01,2.234921947448500390e+01
1.362514207795487131e+01,3.179804309509127513e+00,1.138639316704951554e+00
1.172983334752392359e+01,9.941630167106199067e+00,4.374310429043637427e-01
-5.890547999068424900e+01,2.081614516696897343e+00,4.780144468680701308e+00
-3.100251731343919914e+01,1.488723327229239501e+01,3.069112902327455572e+01
1.007152466310585126e+01,-1.533139971772960575e+00,1.271575623823336221e+00
6.453319696867893640e+00,-2.062984182988834547e+01,2.149187210826291050e+00
7.479185968542450880e+00,-6.490129099118252043e+01,9.494292400143374167e+00
-4.204000096554896260e+01,8.018513011082227138e+00,3.052738813064635082e+01
-1.667189758988242687e+01,-5.220348140741591436e+01,9.874895259410630288e+00
1.237582873903082792e+01,-2.814736117114450664e+01,2.123866100187018091e+01
1.005148015993610144e+01,-3.767442591934498353e+01,3.380266999045134924e+01
9.685534425599648500e+00,-8.468889738495800401e+00,2.068354617266639295e+01
-2.685939529102155277e+01,1.090247854860274579e+01,1.827141780702352847e+01
-2.847781897769657533e+01,4.456424882191450720e+00,1.833087868519422869e+01
-5.934590651480705503e+01,2.621923015636585141e+00,4.630426495296197764e+00
1.019079004220614770e+01,-6.049938028193467687e+01,2.173220010583069950e+01
-1.840170067539728649e+01,1.319642062855104392e+01,5.760046897204553318e+00
1.287957360273943230e+01,3.860001090090555920e+00,1.158553313596739631e+00
1.366123502898647679e+01,-6.479884006497226778e+01,9.284968962165709883e+00
-6.332538527783795246e+01,1.131001312995565122e+01,1.139198409226250064e+01
-5.383443616967269918e+01,-2.101286612596298653e+01,2.316268051699881170e+01
9.942733552409361408e+00,1.862178294070283613e+01,2.573993788763231194e+01
-2.750886298590745405e+00,9.551965164028356270e+00,2.536865495217423216e+01
6.911354602402907332e+00,-7.010901056365608497e+01,3.416538532042171994e+01
-5.338344483713735045e-01,1.787926507515740582e+01,1.299327464228722029e+00
-3.254870538233417676e+01,1.165390729223427435e+01,5.652817187197832993e+00
2.416136900010473809e+01,-3.051572514780263035e+01,3.360424791245218046e+01
9.750650618918838219e+00,1.090531941818942663e+01,6.964043593823102674e-01
1.130892106764925309e+01,-6.605605710487984084e+01,9.042393665771005118e+00
-2.970720966769438931e+01,1.123212726371678727e+01,5.538387845020066536e+00
4.086181375472458299e+00,-5.037051540015880846e+01,3.403117680321868477e+01
1.124560208595604749e+01,-2.436636121649121023e+01,2.719206909698256780e+01
3.373562332035957123e+00,1.388555821838739845e+01,6.476922689305572689e+00
-7.354989836575475692e+01,1.613431848298648719e+00,2.342920073197398878e+01
1.090935678556059507e+01,1.251225070586527899e+01,3.177657123541479223e+01
-6.964816283476957892e+01,-2.304398311032649360e+00,2.316866232746281185e+01
-3.794685262606972032e+01,-4.036975665289101300e+01,2.914169588379033371e+01
1.527969712882010356e+01,-4.097514140637517954e+01,2.745915959419097518e+01
1.280424715999622265e+01,9.038553673982496761e+00,1.345988293299187433e+01
4.857504739800194926e+00,-2.500318524351514071e+01,2.117283516547350786e+01
-4.720002107531396973e+01,-2.702504355391501889e+01,1.042155456155532711e+01
-4.652055231425973147e+01,1.363830209175503327e+01,1.795149861138589387e+01
-3.787277915940418183e+01,-3.656917637022989709e+01,3.886545564519896523e+00
2.019895644833955117e+01,-3.356816334784537559e-01,1.615293833429649606e+00
4.398469217888136384e+00,6.853931158537065471e+00,1.174962022516470306e+00
9.807577720519708109e+00,-5.789025198005687400e+01,2.787297556312058333e+01
8.681880372960938175e+00,-5.420012476418831682e+01,2.154942093341427523e+01
-7.801793465870561661e+00,1.313512759425068488e+01,1.838453733338899809e+01
-5.753286661187446782e+01,1.401510459278698306e+01,2.429233078547452962e+01
-6.999069302124334513e+01,4.699083813048607006e+00,2.359168946380342291e+01
1.113322822346911156e+00,-6.487353875037533157e+01,3.429635708171721120e+01
-7.212436830024032020e+01,-5.495577787500913303e+00,2.960566362009196339e+01
-1.152438778590918744e+01,-6.360289891303623477e+01,2.230561875936947303e+01
1.228244904385804137e+00,-1.034848828314338576e+01,3.338749776929909530e+01
-3.232297881441184018e+01,-2.718542423817418197e+01,2.280008861899437633e+01
7.756822646518284792e+00,2.352783045527480077e+00,1.338668178302560019e+00
-1.009996449802114604e+01,6.281360956310440891e+00,5.930329029568921051e+00
-8.996717605713804744e+00,-7.408493823701603276e+01,2.860768563634765727e+01
-1.979576228159402707e+00,-7.426605672831331617e+01,2.823177971850257251e+01
6.112534052481827018e+00,8.306282365024959091e+00,1.302241979367441260e+01
-6.705758405875487105e-01,5.077186034006775373e+00,6.186674204537574440e+00
-6.103825209780775474e+00,-6.307534917927044660e+01,3.363314480924805228e+00
-3.899837990635389051e+00,-6.439734780728022656e+01,2.882190203199324507e+00
-6.545828194713068982e+00,1.440227841663007879e+01,5.995333843466268853e+00
-6.562126038156745267e+01,-1.405018787110452294e+01,2.350975235027704358e+01
-3.041675261195705460e+01,3.930789404463252090e+00,2.450420001690983796e+01
1.757307159988731771e+00,1.962707145788896268e+00,3.210627197544428668e+01
4.094397779646196334e+00,-5.541842802157061598e+00,2.048337060553016187e+01
3.671124436021903081e-01,8.478205088536219236e+00,3.233145088856919358e+01
2.451596015087919689e+00,3.533880954297520471e+00,1.906109948258869125e+01
1.417954916297462731e+01,7.219869654854619512e+00,1.376720584444560025e+00
2.177678351336004070e+01,-3.679313444498193064e+01,2.321115935932449581e+00
1.182392490590739342e+01,-5.198930280205413368e+00,2.002028031852304224e+01
-3.857654057390772806e+01,-3.213418042845607658e+01,2.918164984580898391e+01
1.159341504320762262e+01,-1.085799942064602508e+00,7.279635448089206484e+00
9.405092270501212326e+00,3.369760491502308497e+00,3.313510206806323311e+01
-1.766610556780548791e+01,-5.882852537198806431e+01,9.962118194951319339e+00
1.214608758148004952e+01,-8.650105242286176832e+00,1.438196600300375394e+01
1.271902519856741876e+01,-8.095334856571710924e-01,1.340740983434721922e+00
-1.846080434721386609e+01,1.869891917043685581e+01,3.099774099878052880e+01
-8.613188817299862521e+00,5.175770773745055564e+00,6.268984931550936501e+00
-7.692050431714069880e+00,2.004848437136613626e+01,1.853291313916496108e+01
8.437780363711437914e+00,8.576390068944636624e+00,1.489786277049760077e+00
1.526442626593365937e+01,-1.269704916592698396e+01,2.017785556210232478e+00
1.523702549913913096e+01,1.185729851965493609e+01,1.307050751706630098e+00
7.856555886419167578e+00,-6.702696021915106428e+01,2.816281462279912873e+01
-4.293290650148893661e+01,1.215266915843019646e+01,3.063916783276370737e+01
9.507271615007621079e+00,-2.967376773748048091e+00,7.914031669556680804e+00
1.215111102902693219e+01,-5.730772012882076893e+01,9.036760507317556090e+00
-3.060408451983632361e+01,-2.797159499436169838e+01,2.274173939995514004e+01
1.191856618815100788e+01,1.686031728596703916e+00,3.302468048526093014e+01
8.666853084821713793e+00,-4.090543997247267072e+01,2.755406493171778237e+01
-4.917295446291575445e+01,5.549416680847041761e+00,5.302788046277545853e+00
-6.590562607150040719e+00,6.889908792341105759e+00,3.145681190193082699e+01
-7.814737111196615160e+01,3.425277705149471608e+00,4.838532162180948504e+00
4.471120000679184581e-01,7.862642742533340723e+00,2.001028481096917133e+01
-6.516063466957036088e-01,1.651996500318320127e+00,1.236594133884866409e+01
-1.330110566036520048e+01,1.279511741629822374e+01,1.209885928536988686e+01
-7.638217701121408076e+00,-6.566137687373692700e+01,2.216031355074818521e+01
7.884191781813245647e+00,-3.592980682258051672e+01,2.105269693388228092e+01
6.018837851661772653e+00,-1.590187318185862786e+01,8.452487547281407387e+00
-3.039223904354411232e+01,1.409907384086225690e+01,2.446171964055805148e+01
7.059282555104180901e+00,5.708093222734562211e+00,1.935487556058840397e+01
-2.715393060142375248e+01,-4.387702908911886368e+01,2.877783091731419773e+01
-2.172205502793571696e+01,-6.938350845932004063e+01,9.824109518424142706e+00
5.787412902128838077e+00,1.397343795389889110e+01,1.916183814664463370e+01
1.652619138062382120e+01,-4.978160931799337163e+00,2.678230499674509701e+01
-6.831446375993031950e+00,2.002790772877547809e+01,3.143681294272695936e+01
1.363863135881670985e+01,-4.956065897161863631e+00,8.004261155906499781e+00
-5.703804239625109318e+01,-2.126343399335824458e+01,1.675532090707880073e+01
5.046189751997427031e+00,5.227456151547749563e+00,3.173801681064369973e+01
1.060178177588281301e+01,-1.816679093474624196e+01,3.358070248098955801e+01
-5.155365710259826528e+01,1.341065377028247063e+01,1.149679670971798195e+01
-1.044071512334459939e+01,1.437050681756995019e+01,2.512266637120312041e+01
8.331577747023192870e+00,1.771201680117098576e+01,3.151345906135921382e+01
1.548420043392568424e+01,1.067576527615726079e+01,7.297027933688772450e+00
1.959929825092800826e+01,5.852417027267387439e+00,3.238076420773999331e+01
-3.111935654184419420e+01,1.276670702116620681e+01,5.831443867438625084e+00
5.492701084841472792e+00,-7.495636992718148406e+01,2.836425397055131725e+01
-7.938833345855670132e+00,-6.469879652944031534e+01,3.475076119788486295e+01
-7.462459501995631683e+01,-6.370458643772337837e+00,1.713723580364379018e+01
3.065300136907654682e+00,1.227464819519224015e+01,2.585622524574212022e+01
7.411100046005365982e+00,-5.366316361465719353e+01,2.751374302662912719e+00
-1.142368348661464239e+01,-6.259759325367131311e+01,2.849211745218051561e+01
-6.183563464274165256e+01,-1.849708201608563485e+01,4.352958840206551550e+00
4.780034067207212800e+00,-5.337058146660424285e+01,9.076607495842958784e+00
1.479685373461162179e+01,8.832868060073415961e+00,1.972206614079352249e+01
-5.679117390873384608e+01,3.555375382125482098e+00,1.139790823859450697e+01
2.647934207030069875e-01,-6.558567566573228191e+01,3.425446715454015845e+01
-3.943770254890292648e+01,-3.480696772042836074e+01,4.013264657673273561e+00
8.211959841569626661e+00,1.276161593404828309e+01,1.306729708253891964e+01
-2.618293304983984626e+01,4.440521347172373012e+00,1.213825507951908556e+01
-2.674417336327643469e+01,6.114530898432507300e+00,1.193393879770272115e+01
-3.977271638705610712e+01,1.370750873155518512e+01,2.444043368613999334e+01
-2.723987228805000171e+01,3.935345509027493360e+00,5.608928782592327522e+00
2.441875698559833108e+00,-3.771298178007828739e+01,2.766180405053206570e+01
-6.053522285188478458e-01,-7.448373776105617594e+01,2.842478527872648186e+01
1.715322284261159425e+01,1.087222030954959173e+01,1.974357860039651769e+01
-2.419589707403607548e+01,-5.501202589993540926e+01,1.621553452871329881e+01
5.454260113204806304e-02,8.285235449687359477e+00,2.572510627930649463e+01
1.537139877401314436e+01,-2.515443595180514436e+01,2.744935237869263034e+01
-1.159052228669557749e+01,-6.061785503255720187e+01,1.595935348222473849e+01
3.702986167256650418e+00,-1.645101142906388247e+01,2.083943681510560353e+01
-5.818780332495862240e+01,5.604087112358734579e+00,1.141709826296536079e+01
-4.501231293719349225e+01,1.207586128203782216e+01,3.062785537751805265e+01
2.725365922206231861e+00,5.988273140595467225e+00,3.264785987095016395e+01
-3.806036595623682217e+01,8.417258226390741171e+00,1.182099205583470436e+01
9.374517465571477359e+00,-2.993798201269187231e+01,8.589879478875335650e+00
1.170403566903176973e+01,-6.035872621459483156e+01,2.800181752605743668e+01
1.050564432172652474e+01,-4.705418259430172156e+01,8.665575689562619033e+00
-3.628838461278369287e+00,-6.943204196513700310e+01,9.600156243773735554e+00
1.931149483411856549e+00,-5.655459883928792664e+01,1.529157338776838593e+01
-1.273254470308719455e+01,-6.275851373658564114e+01,2.191707440770567672e+01
2.252347817136553410e+00,-6.831938448348535076e+01,9.595251279755530049e+00
-1.504759065886002745e+01,-5.509086192245909785e+01,2.254675777110820434e+01
-5.254656755402563562e+01,-1.658255223878417794e+01,1.052926654416484986e+01
-2.422497283039119154e+01,-5.538738758351079383e+01,2.878332880465594457e+01
1.283471386786452761e+01,-2.559654132474917532e+01,8.421863142000029612e+00
-7.369996336017729277e+01,-7.822697799473225189e+00,2.978920100295329121e+01
3.585900463801412918e+00,-1.701236036435015864e+00,1.531067724094483662e+00
1.156200810505518284e+01,8.547015433238197346e+00,6.996017039522070213e+00
5.523241041490491554e+00,-4.030847812992013957e+01,1.515609935121683449e+01
1.069608654411949544e+01,-4.866687674692514065e+00,1.412253764597998007e+01
6.908065868936509091e+00,8.027545258235759817e+00,7.147768124203643936e+00
1.223733751178701645e+01,-3.897549822472642234e+01,2.755824121490876522e+01
-1.043116959091805240e+00,1.546368110903805437e+01,3.169487878681085746e+01
1.096919365678599156e+01,1.741291640116148454e+00,7.456593990001056049e+00
4.789568428372100506e+00,-3.604090194666250824e+01,1.492143669783964199e+01
-4.395258333409699958e+01,4.445109454534059701e+00,5.259239494655946423e+00
-9.046159991161841774e+00,-4.894503498875091907e+01,1.618574219209565257e+01
1.827614096693081169e+00,1.938372992767832770e+01,6.146905351847517629e+00
9.082175418065919104e+00,5.394180275299143901e+00,3.264408010749420441e+01
1.563582097788016689e+01,8.375434275085302360e+00,6.904414117895751879e+00
1.731252922967685492e+01,-4.402169072848850107e+01,2.130574968708059913e+01
-1.713677003473978289e+01,6.807636096740206533e+00,2.494409876318611552e+01
1.173366748722608577e+01,3.004397030102479160e+00,2.041697002727679688e+01
1.382654378723892741e+01,-3.576118550443588617e+01,2.136652810867560603e+01
1.309539205746124502e+01,6.126033327748141133e+00,6.640030411899671137e+00
6.526617709173066828e+00,3.060822980133505400e+00,2.656904209570458164e+01
-9.189203722233020954e+00,-6.435173735747532930e+01,9.732430098698863219e+00
-6.597181966390719765e+01,1.067234658584901297e+01,2.334523648745663849e+01
9.581221240840410047e+00,-4.726288729915197706e+01,1.514491560994792962e+01
-3.168902038447531666e+01,-5.446679326994873094e+01,2.265021600093911758e+01
1.572454822088209347e+01,1.554151265471117327e+01,2.588647050652978265e+01
-2.008356018287967615e+01,-5.070034891745713423e+01,1.626480974054770812e+01
-2.118574259365357371e+00,-6.384374800308845721e+01,1.560084555059547640e+01
-4.533264349768646184e+01,-2.343921374604278540e+01,1.036726443750798587e+01
2.502773306895825556e+00,5.411541825324844623e+00,6.629173150849196006e+00
1.017723676368808761e+01,-6.044081714796244853e+01,2.162906957036127409e+01
-5.093380017360648537e+01,6.472286078556244604e+00,3.047894536905893759e+01
1.281448653699841245e+01,6.188563224728548917e+00,1.385265546167359574e+01
-6.373345642232230990e-01,-7.508532445656562970e+01,1.556210474974199442e+01
1.471287010830770292e+01,1.757431769316194048e+00,7.330507694334090552e+00
1.540092048252057699e+00,1.169287811087083817e+01,1.916735313410761421e+01
3.219404547920039050e+00,-3.128468333358646802e+01,2.229790623421310070e+00
-1.843473889421650114e+01,4.040622943866852168e+00,1.839493130197100967e+01
-8.181767885174977550e+00,1.340451132953760371e+01,5.916720896843171040e+00
4.231010006110885513e+00,-5.550401634030147591e+01,2.675958599996421050e+00
1.302762729487920446e+01,-5.964822494626028870e+00,2.054902001162819403e+01
-2.728034858718648437e+01,7.981062259168856698e+00,2.425538975991640456e+01
1.146621848290361179e+01,7.587582333714982141e+00,3.208854616285793071e+01
-1.284147425567630307e+01,-5.621894049943351490e+01,3.644514330260867574e+00
-1.779385663491767033e+01,1.861853055798196266e+01,2.468316666170819573e+01
1.071457719150200916e+01,-5.196088954505900404e+01,3.416259456528011640e+01
1.546238975604666166e+01,1.010502696721314564e+01,8.086480786622786132e-01
1.867455669618155412e+01,-4.771368047142751578e+01,2.664959509009706018e+00
7.379825844756402020e+00,1.529111504347143580e+01,1.364870238846622463e+01
3.953793804731061901e+00,-6.494345911298046303e+01,2.811115421802815106e+01
-1.876915564770916145e+00,-2.682221300304999545e+01,2.093552194249877374e+01
7.347527645285957476e+00,3.555318969594101652e+00,1.482911761235676140e+00
-6.508042847305299006e+01,-3.329288168750402122e+00,2.376335619326433601e+01
6.023298418397374121e+00,2.210204595178447029e+00,7.452059358723035487e+00
-2.406364975512543936e+01,-4.716989601397214926e+01,2.252359029992732431e+01
-2.127745342911529391e+01,-6.745613594680524727e+01,3.684407913794259137e+00
-7.387631911956589192e+00,7.396357744081988983e+00,1.894139725950534014e+01
-3.105640691792183361e+01,1.016838805319728500e+01,1.807701203531830103e+01
1.174959594102135974e+01,1.410619433233756048e+01,3.239778389135035752e+01
6.943293340911637301e+00,1.342305800630889756e+01,9.109915625002356077e-01
3.337241602888595615e+00,-7.104930417864423475e+01,3.230568553127914022e+00
-1.712722830464613111e+01,5.782748289398567110e+00,5.992579118875445587e+00
1.379752678359906781e-01,-6.878736589200136109e+01,2.180986890104254172e+01
-7.303737645414437907e+01,-1.253670119646714021e+01,1.115174836906970768e+01
8.077182414204546745e+00,-4.881749676240919378e+00,1.442587067572020132e+01
-1.578904744458312237e+01,-5.500616301479378478e+01,2.244566571176242320e+01
1.186324065162661512e+01,-6.789733583047129173e+01,1.548203372409912504e+01
-3.384852082508141535e+01,-4.836126553650684912e+01,1.633239366431719475e+01
7.045758699217657295e+00,5.474518660615394161e+00,1.266998560706695365e+01
6.551273338998557350e+00,-1.259765449298222606e+01,8.361564386827650353e+00
2.102337621221598063e+00,-6.771626453260327594e+01,9.195132774623370864e+00
-6.503848512507923374e+01,1.511412093517725985e+01,1.760419715300695742e+01
-3.348088567269615368e+01,1.473895585661466967e+01,3.070496623941890135e+01
8.659829757487253588e+00,-2.768374396461302922e+01,2.724729949353645253e+01
3.508542906923333593e+00,7.609855497560623405e+00,1.370813496399218323e+01
-3.234027542356736262e+01,-4.294591831831087347e+01,1.026457985491428282e+01
9.245439127911954103e-01,-6.906143917173478997e+01,3.464745337799571701e+01
-2.055823915592278794e+01,-5.937649380484820227e+01,2.246940380955024352e+01
-6.085317811669786892e+01,9.473602657949362182e+00,5.281622226978436530e+00
-6.467741784356528001e+01,-1.085949556918770220e+01,1.711850789418767960e+01
-4.473385673724098410e+01,-2.361845213068605887e+01,2.917628507232712565e+01
1.250776964785309353e+01,1.456727400606613898e+01,1.925189498754240347e+01
-2.516570381731993766e+00,2.720969502987204081e+00,3.123671873625302098e+01
3.154307040836806131e+00,-3.607476282975353854e+01,2.237666764423678067e+00
8.730112291800342206e+00,8.896720712112646368e+00,2.634624059543061136e+01
1.525778415385325992e+01,-6.610546626461029973e+00,1.384804422222143572e+01
-5.583150916182371759e+01,-1.102369931435328354e+01,2.328744664972290224e+01
-3.561337261618486139e+01,-3.314107076964702259e+01,1.018267379405867779e+01
3.711415368652532187e+00,1.288722019778023409e+01,3.212006082668821705e+01
-1.190444700858413007e+01,5.033205429698830002e+00,2.472548576191295666e+01
-3.104658371603733968e+01,-4.426031182342417480e+01,3.723710666073280606e+00
-4.425782392831585099e+01,-2.792013848723052050e+01,3.955024031288453923e+00
1.934246522119798328e+01,7.906253978795312776e+00,9.654163132800898106e-01
3.618708896252409435e+00,-6.509060083677222508e+01,2.177932028865951608e+01
3.613777853998000555e+00,1.888734523845358382e+01,3.166925882296532180e+01
-2.176694055695642760e+01,1.242614496582903527e+01,1.849959769641454699e+01
2.217577136648045233e+00,-1.929631273936476488e+00,2.022276757711011896e+01
7.767052522105177381e+00,-2.160946551714577613e-01,1.221573063090744871e+00
1.000902886958759197e+01,-3.124446603607867701e+01,3.391726626119213250e+01
8.100577993061580884e+00,-2.037053748434335620e+00,3.147559497433540088e+01
2.839164589102689096e+00,1.386427105007997440e+01,2.671303071922380923e+01
1.335547638668671766e+01,-1.669836728918893698e+01,1.457049083414252877e+01
1.109271890976305563e+01,-4.264723917566608691e+01,1.509820217629181727e+01
6.653262016620582031e+00,1.054241089284437116e+01,5.415433045808540902e-01
6.925508920788713496e+00,-6.759377933058954113e+01,1.548822996507573535e+01
1.291761587458874772e+01,2.696655584583341092e+00,7.611430910360073021e+00
-7.103301933089838371e+00,5.964277825406760769e+00,2.486776355664823868e+01
5.770301239427022555e-01,1.550281102485906004e+01,6.132941033166661171e+00
-1.128277465492452336e+01,-6.263167387670803521e+01,2.240006287881990232e+01
1.073008170531679895e+01,1.987109128181901241e+01,8.950311141056829234e-01
-5.583004061446998634e+01,7.365908741418588868e+00,2.404458931785026365e+01
-3.270400065643976006e+01,1.147197788728722401e+01,3.069555326214284108e+01
-5.508619825844864870e+00,-6.983963671177248500e+01,3.209690109662349133e+00
-3.295060516408071294e+01,8.388820830878060519e+00,1.204628950329925985e+01
1.032641013737665681e+01,-1.943208042851582107e+01,2.106135910579336112e+01
-2.126558132244309895e+00,-7.346612958142634398e+01,9.453115693506246586e+00
8.533667385643191494e+00,-2.114779050568286678e+01,3.346636520766440270e+01
3.526997310154192711e+00,-6.671202529255434399e+01,3.485191936185668737e+01
5.841081852402611574e+00,-5.923203836852390225e+01,1.538377459129864100e+01
8.045169298462759855e+00,-2.259340388862512428e-01,1.415086832669468553e+00
1.015284465106482692e+01,1.483127120137628552e+01,3.241565091047824865e+01
1.134982463645842365e+01,3.327748759281497826e+00,9.765716104740966852e-01
-1.489260587220184462e+01,1.011211914034855042e+01,2.492992219943080201e+01
6.368088249399454170e+00,-6.400550288830113743e+01,1.569596648277198447e+01
8.979684391037078939e+00,-4.184155649399339438e+01,8.774577979326069865e+00
-3.972821242673850062e+00,-6.556219799713767316e+01,2.855327825306056866e+01
6.622141032760373136e+00,3.987407515429069349e+00,3.256264524602407562e+01
9.182013028543618560e+00,1.161348549983395273e+01,3.502641352375155392e-01
-9.413447197344972039e+00,-6.467584101568215260e+01,3.503004392115283139e+01
6.343519432455143381e+00,-6.466126753365192315e+01,2.800137598580828424e+01
-3.460985355382307205e+01,8.066394348236773482e+00,1.781713253236665295e+01
1.867147576033954337e+01,-1.109675383566726836e+01,1.915106945934504479e+00
8.378280234859655451e+00,8.463960804742113098e+00,1.956127022685732086e+01
-4.920631675409320138e+01,-1.592889580273451600e+01,4.179398588319778618e+00
-1.556934394160735380e+01,-5.760814160731401046e+01,1.601442712018813808e+01
-1.609038004967681346e+00,-5.479184195357085230e+01,2.163825833311980062e+01
-9.581958621935452669e+00,-6.748347411390960815e+01,3.463857788637711366e+01
1.439989530941529594e+00,8.849696678462464661e+00,3.232821434231835411e+01
-2.342944160171681744e+01,-5.343848789560215806e+01,2.240439659695915253e+01
7.673813531237303032e+00,-1.777242253237809422e+01,1.903887943954966300e+00
2.017866245098399247e+01,-1.782783120095063722e+01,8.324409419352891248e+00
1.552622196014293410e+00,-4.443128359706003749e+01,2.739454086302728086e+01
8.045819095707949842e+00,-6.600976383765154765e+01,2.906575806515848903e+00
-4.662917226215879118e+00,-7.146266920740647777e+01,3.130241505113869671e+00
-6.747732074908424238e+01,8.034712696551753908e+00,1.102128325643447759e+01
-6.198820025460785921e+00,1.753900210847018570e+01,6.000951334605811205e+00
-4.636408743899814056e+00,5.667801153270291437e+00,1.883139121731322518e+01
-4.490620682538051689e+00,-6.566136784225415113e+01,2.212731883124846632e+01
7.915706567596046739e+00,1.004243203892581704e+01,7.553557471510560895e+00
-1.091903131673441996e+00,4.414784946737209559e+00,3.223253989781049711e+01
1.349857027634114637e+01,-6.032022641499322901e+01,1.552929499304792138e+01
1.488167210297048904e+01,6.050777892801409763e+00,1.327560650597959579e+01
-1.701756090028864632e+00,-7.368327440220028279e+01,3.220556700168336395e+00
6.584367475861159669e+00,7.323235623469741995e+00,3.186729530941964228e+01
-6.967705860796945672e+01,6.811639765429874371e-01,1.730622136767598107e+01
-1.937037250571415625e-01,6.421730103096622955e+00,1.289909596907012279e+01
-2.097579274129127569e+01,-5.029018250057238504e+01,2.269071368383243836e+01
7.603343629262337977e-01,-1.299777724516736122e+01,8.260004677416038277e+00
-3.040636638108906276e+00,-4.963859307352011530e-01,6.305128571904902834e+00
-5.428360655830391579e+01,-3.171396069575147791e+01,1.035377247229792452e+01
-1.465381507180554799e+01,-6.111869851093798900e+01,2.253713860952333548e+01
-2.168840109835675634e+01,-6.626407210684389781e+01,3.459963269455190726e+00
-3.517675883752208676e+01,-3.392722641274308870e+01,2.280137494147245292e+01
1.401604913713324230e+01,-7.942788499389832779e+00,1.920156870910234348e+00
-2.745724259315363724e+01,-3.327895729894505905e+01,1.012850094807998858e+01
-2.607295646577158621e+01,1.664991719724739383e+01,1.838533423901073860e+01
-5.353241126038921038e+01,-2.807332254565390528e+01,1.034338737391763097e+01
1.134632295089280163e+01,-5.172497342607123016e+01,1.503998977704426920e+01
-6.526566542535128690e+01,-7.442269568000221547e-01,2.953608265490397500e+01
-5.839355783929046595e+01,7.494042376310238396e+00,5.202920673486079117e+00
5.358923102966540952e+00,-4.364301077202870971e+01,2.445588924200406300e+00
-1.178937733676674959e+01,-6.422422235936979007e+01,9.653626093914271067e+00
1.279563323238447126e+00,-3.884260122388395242e+00,3.223745477584517261e+01
1.089911411887123727e+01,-1.387695245124429277e+01,8.396304838302858897e+00
6.785911555242128301e+00,4.524937781168976159e+00,2.511443827052950795e+01
-1.881725783048400302e+01,7.032864449590627842e+00,3.105330948179759076e+01
1.225948765316799083e+01,1.077594870273420291e+01,3.223781743581251646e+01
6.888717511032612428e+00,1.568393101231717068e+01,3.184109230909190202e+01
4.938768711874453210e+00,1.083812198917165759e+01,7.103046191747404592e+00
-5.810928382936433678e+01,1.356495537068488488e+01,5.150495092833878630e+00
1.249980470992936077e+01,-3.678806628627475650e+00,2.675072029948454855e+01
-4.502523401448767970e+01,-3.596894840135273341e+01,1.030183619969278297e+01
-5.149043766081192786e+01,7.112300180880548162e+00,1.159753611398803308e+01
8.831845485816793850e-01,-5.571584928532738701e+01,3.404294307592224555e+01
-4.194007125612830578e+01,-3.145012350110003396e+01,4.168050915632646181e+00
4.977376665810069767e+00,5.114803630124469258e+00,7.976129031017340942e+00
9.113595242307010125e+00,1.382293297434724266e+01,3.150766424033516344e+01
-4.699191007154135491e+01,7.413508520577477334e+00,1.795697192521678076e+01
7.253482048295874840e+00,-4.499963338337428098e+01,2.125139774303476514e+01
4.915930413011105671e+00,-6.756895440499783945e+01,3.123068525593461153e+00
1.493032506882660826e+01,1.766128259872276063e+00,1.429559489934384509e+01
1.715884725665666721e+01,9.680480320012531337e+00,7.209940919890167610e-01
-1.079763408632023669e+01,7.043388619598657030e+00,1.231761140910808194e+01
-5.318597958653221980e+01,-2.567028388719979404e+01,2.912101395302220652e+01
1.015280961791253489e+01,-4.956496327832162052e+01,1.515110683466241426e+01
-7.010770879644408637e+01,-8.957214537324194481e+00,2.965374338783352570e+01
1.456289456186359743e+01,1.048471421113460522e+01,2.624610217150499381e+01
1.062486789744476390e+01,1.153395006701996728e+01,7.451988279112288005e+00
1.575475561532559787e+01,6.907475338943707577e+00,1.312261792558734985e+00
8.262946834682836084e+00,1.636553487091240555e+01,7.499221528503532852e+00
-5.877436978929711131e+01,9.333035899525285117e+00,1.776522781316895561e+01
-2.605614998312404396e+01,2.709627080136907118e+00,5.691634170629307654e+00
3.527701627999844103e+00,6.715997820270189322e+00,8.496776381791096844e-01
-7.394802230716017277e+01,-5.343803039385556453e+00,1.115791212528798226e+01
1.612344707574937885e+01,-2.459614511403964143e-01,2.678225572035928437e+01
2.983212029115539732e+00,-5.258145061477283377e+01,2.792260447960156711e+01
-7.713733393216874390e+01,-3.090246019972590741e+00,4.836596403011629519e+00
-7.589595372514497740e+01,-7.367526025767867637e-01,2.969081609625009577e+01
5.941907382916740588e+00,-5.353979436265986180e+01,2.672669419263796531e+00
1.188670109773466166e+01,-4.363353733621321950e+00,7.731338033783221597e+00
5.764318383638197929e+00,-5.745163987140097106e+01,1.540347765421817883e+01
-5.444410674766557179e+01,-1.505586315468560255e+00,5.231253772612104669e+00
7.096876916272705671e+00,-1.629561459265747203e+01,2.062273518327807587e+00
5.714627347178725003e+00,6.495479205391420763e+00,2.555027486103349332e+01
9.847564974749857925e+00,-1.676184974617516588e+01,3.350236961174826433e+01
2.877420117277794898e+00,1.161037674784641993e+01,2.553709128016527785e+01
-4.950786115192228110e+00,-6.911236091792891045e+01,2.191399438191493942e+01
-3.958180725349336626e+01,1.020875416097889321e+01,3.046513164987381472e+01
-6.509314721976350882e+01,7.175782907256372800e-01,2.381436972217987602e+01
7.730084839459465229e+00,-2.597497209108548422e+00,1.440885570387086645e+01
-9.889669944285795822e+00,9.998936339085434000e+00,3.106823573842333985e+01
3.876487011004518202e+00,-6.470310596971997086e+01,9.109766666062057539e+00
2.746565878431549201e+00,-8.884003673848178906e+00,2.068374117555713809e+01
1.443711692081997455e+01,1.205620882730277188e+01,1.356194268625980648e+01
-2.009271747457241730e+01,-5.429521221128604935e+01,2.878379178057848975e+01
-7.364931830498640863e+00,4.186947993234578225e-01,1.858459763323089220e+01
-1.444092243012026766e-01,-7.671106349573450700e+01,3.444693648224958338e+01
-7.051103705860354864e+01,2.077736191240328323e-01,1.717238984998876461e+01
-1.525384459063445419e+01,1.095652570092903133e+01,1.192840104145920144e+01
8.007098322038256555e+00,1.203349633718690370e+01,3.182750395966555601e+01
-5.254524476613642037e+01,-2.585005345195550674e+01,1.037043100450813249e+01
9.338127620670121587e+00,-3.256151940826488556e+01,2.752414743530366792e+01
1.052829609079592288e+01,-4.077136490219853471e+00,1.872615212338962110e+00
8.006854249612498364e+00,1.270851848972686682e+01,2.578571598976362722e+01
-3.135153628445705110e+01,3.196365163009655674e+00,1.805019998850752572e+01
1.223829464981633564e+01,-4.754334234485021682e+01,2.774665743673370955e+01
-1.806101382750116358e+01,1.525899372492129125e+01,1.821885013624627803e+01
1.054011207560334107e+01,-3.089670316406765149e+00,3.300348927593269366e+01
-6.312367069103991923e+01,-2.219795581673006524e+01,2.314704315004850343e+01
1.173735426819797745e+01,-5.339162030930109992e+00,3.331670212766027106e+01
-1.074008960231482135e+01,-6.406734623774062243e+01,9.702211937091020033e+00
-3.792194161408367847e+01,-3.633704659432406459e+01,1.652264586163942539e+01
5.243081837740406037e+00,6.047325706827832548e+00,3.270536794761930111e+01
-3.664564655516234382e+01,-4.258480881362921622e+01,2.900246604950496732e+01
-4.685209370072119128e+01,-1.679462612063329274e+01,2.927922847591252165e+01
-3.820223273629529359e+01,-3.407075078115209266e+01,3.972937774734665251e+00
-6.903391348593933685e+01,5.388261812601998768e-01,2.978799223030476995e+01
4.264103258153665976e+00,4.739573479034565051e-01,6.510241294538223755e+00
6.106098793251852896e+00,8.853978265831056405e+00,1.323722812403724980e+01
-2.930252504202412211e+01,1.461777297172119461e+00,1.200001813788552774e+01
-6.734034460249709753e+01,8.947073939837763001e-01,1.133266646841894953e+01
-1.410394358643404189e+01,9.866619285428797070e+00,1.229927721004097130e+01
3.865977544791252996e+00,-5.063565347115084592e+01,3.395801972884196118e+01
1.251216627116899716e+01,-1.174088700027678023e+01,1.991388232613456877e+00
-4.995216183516450315e+01,3.391012039392076183e+00,3.041946905198047446e+01
-5.608684226220746183e+01,-2.396868915138374234e+01,1.677924426642863409e+01
-5.877845427515994459e+01,-1.903351548533155224e+01,4.292186183783714526e+00
1.289243111281289700e+01,-4.621527599747706105e+00,2.016351153993863932e+01
2.350454110952476583e+00,1.482205152455796371e-01,2.584403082025744425e+01
-1.621461521954748264e+01,-5.798780346343494330e+01,3.481811112031043365e+01
-8.672822425533592394e+00,8.378961823360473460e+00,2.471113011163918571e+01
-3.588590433436591098e+01,2.011964968794191577e+01,2.438551007024693007e+01
-4.631481478254021056e+01,-3.619001249415497057e+01,2.264679678528059981e+01
6.771580269839151178e+00,-6.786583664571894303e+01,1.556333619486733610e+01
6.890777892265781190e+00,1.687680093547663418e+01,2.556964276428290361e+01
1.456498026149450098e+01,-3.900337151255776291e+01,2.417370758507806805e+00
-1.565839241094304057e+01,1.354700040113463011e+01,5.993715909587840507e+00
2.741136146815138286e+00,1.602122761994782252e+01,3.175703576474212042e+01
-6.564150399943869729e+01,-1.310192685636392795e+01,4.444090629877602616e+00
5.307500921275548400e+00,1.497844395996814626e+01,3.182985675539964632e+01
-2.194079010343841674e+01,-4.621382507487057012e+01,1.624505129330552577e+01
-6.778619227798269087e+00,8.977620030974904353e+00,-4.526519308387614432e-02
-9.208843320108702102e+00,-6.290007414105529904e+01,2.847795671282512586e+01
9.085268834451721176e+00,1.026476925565131459e+01,3.259297715614057722e+01
-3.057445412526581752e+00,-2.652645294659713571e+01,3.383512782468082492e+01
-7.610916737847460922e+01,-1.460056246402457125e+00,4.558948532913349894e+00
1.523430700102824176e+01,8.254265536318348140e+00,2.586387176102618213e+01
1.427363027335655454e+00,-6.975949378229894648e+01,2.161286531571624181e+01
1.006997208225772056e+01,3.744819047950435298e+00,2.045759148616921408e+01
-7.223789323603182311e+01,-1.714637630102285115e+01,2.960038781575174838e+01
-2.288264753391793960e+01,-4.256965724703808007e+01,2.258638015387439779e+01
2.697369180964484414e+00,1.148964893819612421e+01,6.194897356491831708e+00
-1.674780801091592863e+01,-5.144548577439088888e+01,9.813392777939863976e+00
1.855249840047161314e+01,-2.272159567087752663e+01,2.086124023306487274e+01
-1.647649833870105596e+01,-5.182610422265420169e+01,2.901884097791676709e+01
1.040148485175112469e+01,2.090187430564965254e+00,3.317568504322464662e+01
-3.409048915170971839e+01,-5.022642334351763083e+01,3.934189726525856745e+00
-3.169441966374521025e-01,1.835138973006294805e+01,2.502806648619546337e+01
3.017330870428404310e+00,-7.108346709225295967e+01,3.463695386779982499e+01
1.940083907785717710e+00,1.548673884816576596e+01,1.279586109772176528e+01
3.170291942696837895e-01,-4.501880378255300030e+01,3.381687634517164298e+01
-1.544982642690630215e+01,3.622064889014639189e+00,2.476227408232424310e+01
1.636548768619422134e+01,9.014431000628873036e+00,7.270754859051080654e-01
4.928415671234525952e+00,-1.239173464681000203e+00,7.861003644530027756e+00
-8.934235916284368528e+00,-5.919726432380883807e+01,2.880633097902797246e+01
7.484780257452020358e+00,-2.885057146022804631e+01,2.104779811330115535e+01
1.251253255473253834e+00,6.205819003694885261e+00,6.688594809982191247e-01
-6.868721302752274482e+01,-8.064592882486937953e+00,4.512456392968021035e+00
1.577306938197500052e+01,8.673090375310165356e+00,1.419551480544281574e+01
8.977009067167102785e+00,2.406158257173189874e-01,1.912246363037846564e+01
9.489790231751610960e+00,3.219398884341833078e+00,1.069726827427787130e+00
-1.463403011157374145e+01,1.136278049021218450e+01,3.113445232658212447e+01
1.743211046626758076e+01,1.017753203010365315e+00,1.606523744969209577e+00
9.995727844522869887e+00,-1.554761778110058046e+01,2.730156539760447387e+01
6.308710039779644951e+00,-7.809639390746977483e+01,2.821152980539574884e+01
-2.870106953766103430e+01,-4.874975889076830526e+01,9.926264378879135819e+00
-1.323576107443538241e+01,1.016969377653013318e+01,1.216052509990036334e+01
6.016725555420054050e+00,1.241698525181803170e+01,1.149155932370826250e+00
-5.355448862254684173e+01,-2.546208872202252138e+01,2.298420530063329892e+01
-6.003258075882956746e+01,-1.472137268285961831e+01,1.053529656139664716e+01
1.176460561622500833e+01,9.783807955001815770e+00,3.197148730240707692e+01
3.356887292623356167e+00,-1.088430419023641349e+00,2.022967498972250411e+01
1.247889865130922704e+00,-5.149506389471125800e+01,1.521765735402266806e+01
-1.848614999191144648e+01,5.549777698518963298e+00,6.060879034871453186e+00
-3.182441303670609045e+01,-3.774640492122730961e+01,1.016047313259256946e+01
7.242743406825714381e+00,-1.340418809082481388e+01,7.880383586148937525e+00
1.096472755132135646e+01,-1.689555582844061377e+01,2.695367867196734579e+01
1.196146716464690662e+01,5.052863820399140948e+00,1.959270883314145095e+01
4.269514759983398910e+00,1.174828062096692705e+01,2.591762492164151510e+01
6.210104386287163436e+00,1.431364077139944957e+00,1.210718919389149217e+00
-3.813058566248903247e+01,6.444875938655252767e+00,2.447969071038159683e+01
-4.877603700363981432e+01,-1.783376610948632646e+01,4.187729138531147477e+00
-5.436533706312046377e+01,-1.713699661052746137e+01,1.681380041301698114e+01
-6.155570914632291135e+01,-1.686698909210441499e+01,1.052774546339747097e+01
-2.230643830681288975e+01,2.324830538903536414e+00,3.099235276822091834e+01
-2.605544848159688698e+01,1.592947182666140726e+01,5.665203139451493008e+00
-3.903577149653639822e+01,-3.844032229426778002e+01,3.948806360636706536e+00
4.840844922139855733e+00,2.340541323000118012e+01,2.513935565912169068e+01
6.031253152700353226e+00,9.774491763093426044e+00,1.344718453783494283e+01
1.646733536743048276e+01,-6.775512901343562078e+01,2.181325672756021561e+01
1.396493275885329943e+01,8.334776716726848278e+00,3.239991883471587641e+01
6.914067465144078994e+00,-5.090775886515179138e+01,1.504331072792730239e+01
1.323883072126903571e+01,-6.354572493398904953e+01,2.775467512959370353e+01
1.021757102552458329e+00,1.171022345960225408e+01,2.849620875418730839e-02
2.320475479275797781e+01,-3.501203533379639765e+01,1.476953896777400743e+01
-5.304842131888774759e+01,8.134116645010319502e+00,1.165190847571693311e+01
8.294883650452675283e+00,-3.959554875560569087e+01,8.651426497287241446e+00
-5.245223682159966216e+01,-2.681400632660246330e+01,1.674101091618093307e+01
7.181492924178224158e+00,-6.532773950224270720e+01,2.789954736916054756e+01
4.949770259173028042e-01,-4.339030474862226328e+01,2.544251568421543208e+00
-8.427141329745108322e+00,7.708767930249846856e+00,1.863934657869599931e+01
1.089487663448648291e+01,5.706318664386971662e+00,7.382949860756993221e-01
-1.294568041966612704e+01,-6.622104964096949686e+01,3.487055592513392099e+01
7.353799607366812374e+00,5.741759750891223923e+00,1.431096269239870011e+01
4.392622151233934957e+00,-4.099086350994459593e+01,2.742103236550577705e+01
5.875844689083965733e+00,1.582233232901920061e+01,7.027865472736188890e-01
1.810637501451322606e+01,9.117025982485195357e+00,7.424190333958629040e+00
-4.386381536415269977e+01,-2.075834004980905334e+01,2.298009246986437049e+01
3.015966407935596116e+00,1.045019971015230809e+01,1.320303595956579557e+01
-3.304276106712193517e+00,-7.625644678728579606e+01,2.811726533977250853e+01
-2.727857808041694865e-02,1.237203337624876198e+01,1.276560773833194062e+01
-2.513598490523111906e+01,-5.874250050990972483e+01,2.249230297004955048e+01
2.606104093141730971e+00,1.211223771489228884e+00,6.880455411897928641e+00
6.560888527832384298e+00,7.199790549264148076e+00,2.519894511302927498e+01
1.815225797946649067e+01,5.554505995999914347e+00,7.894713029584162101e+00
-5.653195417598855954e+01,-2.072930727709209364e+01,4.399498314567284574e+00
-5.846867747817056227e+01,-1.186759606043103510e+01,2.300638620930825695e+01
1.785320172615085355e+01,1.495202271203754663e+01,1.932242349510274693e+01
-1.270192984192336816e+01,6.110691143613499854e+00,1.231955370464210020e+01
8.808550676173608096e+00,1.114212613263876506e+01,1.287058186431171336e+01
-2.001154604271082604e+01,1.363696003489394926e+01,1.820424274313139179e+01
1.096594831374809154e+01,-7.039722492411458177e+01,2.806026492535109540e+01
-1.271421642571654687e+01,-7.317801867409878014e+01,1.595928667317450866e+01
8.025086226877240492e+00,-2.874701624225516561e+00,1.400110422959201095e+01
2.266193924406592508e+00,1.134818390010420686e+01,1.985790107249002290e+01
-5.396010782743788070e+01,3.387149392008354631e+00,1.132446141923111149e+01
1.706566242439695458e+01,-7.061177571070747661e+01,2.143854051572181163e+01
-1.352413322041627008e+00,-1.796041611169410857e+01,1.467501878173716001e+01
-7.217282833506513384e+01,8.779874788424725907e+00,2.387357346597605812e+01
4.743426534114317583e+00,-2.394158805547562707e+01,3.349420992399583241e+01
1.480748399370479618e+01,9.249576932520131578e+00,1.914132826305336721e+01
-3.011937355216535828e+00,9.571760066853396864e+00,3.135552580601156336e+01
-6.889302229267793010e+00,1.052058166445790022e+01,5.796531421599743439e+00
-1.940437836656159210e+00,1.519950565314556101e+01,3.121251438339043838e-01
-5.009636648077801624e+01,-1.446883607505727198e+01,4.307348222175440888e+00
1.611407059363775929e+00,6.919907848223834534e+00,1.240408309731075676e+01
-1.834523284964270307e+00,1.787558989713137692e+01,2.541024610201491640e+01
-2.519243613262855064e+01,-2.712370333753854013e+01,2.280566915658689098e+01
5.664248440411602914e+00,-6.739473649352343898e+01,2.153863610656073746e+01
-2.436337005308708825e+01,-5.288843522532155106e+01,1.008877508259239875e+01
-5.365536614411771410e+01,-2.441410509862010514e+01,1.050398976159633335e+01
-6.367811645898314055e+01,-1.176149727756015650e+01,2.965426411905896842e+01
-2.118411937783336185e+01,-5.887304554793653466e+01,3.489317953189794252e+01
-1.363616887998397864e+01,-5.421725824597321264e+01,3.542105928560825845e+00
4.003621301109938635e+00,-9.416744858926909600e+00,1.804506996483421943e+00
-7.169990670058703586e+01,5.043243029136331046e+00,2.993995262212447273e+01
9.569383339374351038e+00,3.862818591106241595e+00,2.641544430948403743e+01
1.336350121097479438e+01,5.864599536599849117e+00,2.015927564734551680e+01
-1.361944992489311224e-01,5.895481678638552658e+00,2.043012477242933755e+01
5.912476257481531050e+00,3.187816868259481407e+00,1.478021613215066754e+00
-7.019120883885258877e+01,6.074924452957757737e+00,1.117536285955219633e+01
-2.511190581316679271e+00,1.413322156457241263e+01,1.873390545449552036e+01
1.318550394251628077e+01,-6.489054607159175703e+00,3.308455134387447316e+01
7.954744665808826554e+00,1.536977816081147452e+01,1.954900735416068613e+01
-3.695995545384646164e+01,1.117777211586222919e+01,3.051179484078294735e+01
7.407746219822199052e+00,2.629032523347935246e+00,1.288834417739271565e+01
5.997360775467518224e+00,5.054453016315585856e+00,2.567290263506767900e+01
-5.007412645396089879e+00,-6.736298523519096193e+01,3.447608906292579434e+01
-5.407721553031705763e-01,-5.522780023519318604e+01,3.420161020687056919e+01
8.383540982049552781e+00,-6.437215190972365519e+01,3.429323416085748022e+01
1.208318726194313619e+01,-1.259380216598971636e+01,8.371344958254734792e+00
-5.309288632186081713e+01,8.130030181446915805e+00,1.156262050892640936e+01
1.427552652497390717e+01,6.231741052736562203e+00,3.184296750785753005e+01
8.166557399320391042e+00,-5.461192697876106195e+01,1.519062255563202868e+01
-4.421739519864373591e+01,8.750624542669635630e+00,3.078943445523551148e+01
1.354262830942536411e+01,-5.436363197789814805e+00,2.686498783224021025e+01
-4.551813700926688000e+01,-2.642729243750758883e+01,4.061222727701818691e+00
1.207367914189009905e+00,-6.935126361521926697e+01,1.548373263437595959e+01
-4.348077327045578144e+00,-7.157350912932143672e+01,3.180204706343658039e+00
-4.794545086336222539e+01,-3.197925784105477121e+01,4.119746519323251199e+00
3.755693049004939610e+00,-3.027472034234925058e+00,6.173157449697760590e+00
-7.519722080595332159e+01,-7.531244828261194346e-01,1.108720879585221297e+01
-9.358157366089976392e+00,1.169522065114390941e+01,1.264925573515783164e+01
1.583714069607952091e+01,1.264542333001340424e+01,1.954827121794000178e+01
-2.329825381833754960e+01,1.151857316510915474e+01,5.651241346077244820e+00
-8.963255054674396760e+00,1.006400222861470795e+01,2.487447283362568129e+01
-3.407829671299226959e+01,-4.459570029668043389e+01,2.896958171006510696e+01
-5.607662675825211274e+00,-6.991182422617323766e+01,3.466631914915903678e+01
2.875712981777518884e+00,1.324613272187838753e+01,3.156746531877187323e+01
1.098902377220522730e+01,4.765369604276734172e+00,7.903058600903475117e+00
1.019674888459709017e+01,1.362646319615099699e+01,1.319447246099844939e+01
-7.213527450668961194e+01,-6.705811512305062672e-02,1.728256438568924125e+01
1.033835664695178558e+01,-2.876701957100826768e+00,1.415684547819338590e+01
-2.629123245702297140e+01,6.046618351530442581e+00,1.192747635246554694e+01
-1.195488130478295474e+01,-5.833422154711833230e+01,2.837614096631165239e+01
-1.274577223219949573e+01,5.395986295298509816e+00,5.709269559917739656e+00
7.418860757009970719e+00,4.968775194789666116e+00,1.342462793879468563e+01
-6.600818203226813807e+01,-3.201369108699461119e+00,4.684084593593214940e+00
6.675505087700848605e+00,4.190696998144431085e+00,1.900404292647140636e+01
1.476357147044338092e+01,3.380209267423412989e+00,1.973401698904248391e+01
1.445210091003770891e+01,-5.038719896829677580e+00,1.449564010165320838e+01
-6.353981285992100680e+01,3.146267365894505286e+00,3.031020954616676732e+01
-4.821463150955550958e+01,-4.119385044581302679e+01,2.916060912653925286e+01
2.417140382715674995e+00,4.163628338695783526e+00,1.263984969064970088e+01
7.562909868505533595e+00,-7.138422607967129352e+01,3.182139658882110922e+00
-6.967337146516003088e+01,-1.439545023513554689e+01,2.964691680946995689e+01
-7.564909148204597145e+00,-7.100212453549798397e+01,3.484283899375401461e+01
6.199831968873748878e+00,-3.227008504993374438e-01,1.671949572407481099e+00
-7.432099319959863948e-01,1.826461826760239404e+01,1.286381019501666501e+01
-5.648611539915459900e+01,5.835361071825370338e+00,1.783273651789960468e+01
1.508648346147782249e+01,8.816450649592118438e+00,1.953208144192437956e+01
3.910641295290649744e+00,-1.656152526974409511e+01,2.082531225595900182e+01
-2.148816349145200633e+01,-5.633736625494583450e+01,2.268382141908995564e+01
6.436828463941222545e+00,4.583580521230527616e+00,7.538643150275057270e-01
-4.165421301830512135e+01,1.007947650181113453e+01,2.446639796987643223e+01
-4.657490131025842572e+01,-2.768717843062112394e+01,2.294655759812118134e+01
-5.975912885850341583e-02,-6.330867782739871785e+01,1.594374652477364940e+01
1.189977268273759314e+01,1.230728941921204900e+01,3.195602135382372211e+01
-3.088211792796829513e+01,7.906253927723115638e+00,3.088186241013472255e+01
-2.581936369276168719e+01,1.124311407310919719e+01,5.606307146579270650e+00
-4.095276306638317010e+01,-2.998652365649595453e+01,2.901376059624799453e+01
-2.224085168805618462e+00,-6.810386429684275811e+01,3.451758099150249848e+01
9.331393008601505112e-01,3.265494109924230060e+00,3.143629114321680618e+01
7.298121198277433663e+00,1.509402817760221449e+00,1.259509927096373971e+01
-4.998419471510499257e+00,1.347267456472177471e+01,1.833337007006820230e+00
-4.357161741048486192e+01,8.970749380389930749e+00,2.410231257131614058e+01
9.008047523378522214e+00,4.560186192108817593e+00,8.179833588968254077e+00
-7.751006986031137913e+00,1.128612457322796381e+01,1.876287389906564584e+01
-6.189291374477171814e+01,4.480917292185909950e+00,1.772858261166503624e+01
7.100871902686320070e+00,6.708227758665264773e+00,9.812814612493948596e-01
4.872204168286073944e+00,1.016927700624707498e+01,1.396358526377981590e+01
-3.522666730127035351e+00,1.260829656005806099e+00,2.507535795969590708e+01
6.660850239138116358e+00,-3.959510910638086045e+01,2.347585685087941521e+00
7.168398596576520454e+00,1.025581759859877273e+01,1.310756609393764904e+01
8.140736693225843368e+00,5.181775438563775538e+00,7.700304707269777005e+00
6.640359927298493226e+00,5.088112387908100942e+00,1.025396472138573767e+00
8.058097902743071472e+00,1.225317128245281317e+01,1.287856769944143842e+01
1.335433367117560621e+01,-1.510487919564410086e+00,2.687591185912749481e+01
-3.703582470842961527e+01,-4.205743103517257708e+01,2.265919137800267436e+01
-1.156967659858547925e+01,8.814370767141387120e+00,2.493523759149883645e+01
7.827179687393842400e+00,5.824957322195225551e+00,1.043125260265081122e+00
-5.686666188780941411e+01,-2.045261523595351605e+01,1.692594679966523330e+01
-5.762533028184128625e+01,-1.886473614132761512e+01,1.056447309144231816e+01
