9.121242158442695924e+00,8.902454444955932189e+00,1.970887670867313091e+01
9.357564674871239774e+00,-3.623272834649014840e+01,3.375617674218426600e+01
9.571480747560768165e+00,5.300115048744064694e+00,2.020904992869694183e+01
-1.423023340495515932e+01,9.506218553374178981e+00,2.465611976042718823e+01
-4.899872903045979911e+01,8.208512986917543941e+00,3.060564673165470140e+01
9.157684827707923247e+00,8.942762442520947985e+00,1.336613766149508997e+01
9.370770392159753825e+00,8.390510061135113773e+00,1.347896786315055984e+01
8.247082017712783042e+00,9.451925380963640322e+00,6.857892243482654138e+00
4.800197533863238775e+00,9.572817678749853343e+00,6.477160241498951976e+00
-3.843896134539107834e+01,9.005393228491701763e+00,2.432432461552562586e+01
5.702607785318830835e+00,9.529096429355039533e+00,1.287390772511062842e+01
8.611497096224068670e+00,-4.638176734216131081e+01,1.503123246666030077e+01
-1.169504748839290365e+01,-6.305254618141171363e+01,1.603829100075006409e+01
-2.354026583381164528e+01,-5.137242498838364213e+01,1.001379243179795431e+01
-6.903006660927701432e+01,-4.723624403961206752e+00,4.694621389584087368e+00
9.654481148883176544e+00,-1.595126634805044930e+01,7.931288459175023675e+00
-7.229579992035953140e+00,-6.834137792413912393e+01,9.086167426403621405e+00
9.656923179671592194e+00,-2.867372962634709310e+01,3.337080696949163894e+01
9.556087184245056321e+00,6.847707733086391357e+00,1.368467105610372592e+01
8.019749172855993535e+00,-5.405376507493201643e+01,1.520609791092477003e+01
7.315894918712158912e+00,-5.858324154652831339e+01,2.681578643834088282e+00
9.574782448130120471e+00,-2.594808175150746976e+01,2.108903068950405668e+01
-4.912160814121293129e+01,8.296139859837925457e+00,2.417518064816087531e+01
-7.036546111279369597e+01,-1.399302849183225561e+00,1.720485794965574655e+01
6.209047469092267235e+00,-6.280989165947011088e+01,2.828170169629062869e+00
9.663231265415502591e+00,-5.466642909002796813e+00,8.082452825198318536e+00
8.028170309711638808e+00,-5.347101699920466444e+01,2.629083090487400298e+00
5.019724657115487432e+00,-6.594412407105554053e+01,2.810272832186115011e+01
9.587796676854365430e+00,-4.637563930086567865e+00,8.002434938156854471e+00
9.298788728916944635e+00,8.214794960111479583e+00,2.608550323176498864e+01
9.352463778141610007e+00,-5.826343719468180637e+00,2.062125207212861255e+01
4.621998789591257761e+00,9.569362163657483933e+00,6.462802160191815304e+00
5.220059079179717898e+00,9.442316917202884241e+00,2.996345797354411644e-01
-5.333455755653291774e+00,-6.868405251537200229e+01,1.516666767676008654e+01
-6.386767039920096067e+01,-1.122992202510246429e+01,2.955624915024080224e+01
-1.026506930534356066e+01,-6.497965967910850793e+01,2.864485678262803958e+01
6.168931020939110610e+00,-6.082733662150877763e+01,3.410930617866199555e+01
-5.521137584350202587e+01,-1.990127638265654397e+01,1.680690626543588451e+01
1.804549209158038181e+00,-7.027681227830822763e+01,3.458044818257269526e+01
6.930009638945078265e+00,-6.057949903915240952e+01,9.040168466512570333e+00
-6.844136568480797678e+01,4.016277347498405703e+00,1.109764415001751736e+01
4.704100069756957936e-01,9.497966815895889425e+00,1.876804272333765766e+01
3.238028288441681113e+00,-6.935128026583603855e+01,9.356501086452000848e+00
7.327416748573794436e+00,9.590389993244169631e+00,1.936061959352898043e+01
6.897628913440710718e+00,-6.048483464639198814e+01,1.536036478075539158e+01
7.363659225448911272e+00,9.874249965244221272e+00,3.191530544601945962e+01
-1.029501032981331221e+00,-7.053106210802209830e+01,9.388356690998763909e+00
2.321108911628440907e+00,9.667742572022493874e+00,1.268380425420254376e+01
5.843690443236992493e+00,9.467788075886016230e+00,2.946261382824975072e-01
8.028643821501985300e+00,-5.236597412377660987e+01,2.769554726191222471e+01
-7.083822772738975004e+01,2.206900704730113461e+00,2.363678947449554357e+01
-4.014452671114162285e+01,-3.439884962182318873e+01,1.642471519941318547e+01
-5.505244922866589263e+01,-2.032258634549330267e+01,4.215759334527563240e+00
-6.523849248907558263e+01,5.439885824944045822e+00,1.762712498543642425e+01
-1.020434727202770731e+00,9.523014120432403473e+00,1.881647287449374062e+01
4.702115756604653640e+00,9.570272782321975313e+00,6.468631104946696908e+00
9.112392462035243668e+00,-3.539045470166303176e+01,8.334783761214398012e+00
9.629024109110472907e+00,4.566194672719241510e-01,1.533531129485597333e+00
4.560406969871790395e+00,-6.754762243933464561e+01,9.212261843401963191e+00
-4.824341094986985468e+01,8.800044896795466087e+00,1.180191867986083487e+01
6.017335239330803276e+00,-6.161108864041008815e+01,3.420695508834671728e+01
5.768589280426992261e+00,-6.417672426702972643e+01,2.875866638636553674e+00
9.198139801052489517e+00,-3.534116302787137442e+01,2.132454065117934761e+01
9.537326383353301296e+00,6.920231934254996276e+00,1.134446203785630658e+00
-3.961609385582286791e+01,-3.497460833487858167e+01,3.944264773535111956e+00
-2.997233604112079774e+01,-4.468240353961351730e+01,1.015182166704627953e+01
5.364839666278838237e+00,-6.522706453027890916e+01,1.539941426507505362e+01
-4.089685203895106724e+01,-3.902211075548353847e+01,2.448772570399728465e+01
9.575511388813451319e+00,2.629663218187101137e+00,1.380006266064599529e+00
-3.817611837822579446e+01,9.030252587751039783e+00,2.435425870842493623e+01
-5.853622366959154988e+01,7.288624119363017684e+00,1.762841866417842596e+01
9.855197045371253850e+00,-1.401602576729075267e+01,2.055325447841360642e+01
8.064084776668208221e+00,-4.906850672025782956e+01,8.928081710147468542e+00
-3.161398351043006372e+00,9.592337247630741359e+00,2.504878438529621576e+01
7.562747968507776974e+00,9.553367560782728418e+00,6.778079992034294676e+00
-6.894998814464483416e+01,4.859359395233415313e+00,1.770596601248611535e+01
9.624133241304773989e+00,-6.243461326034246639e+00,2.686284799474017859e+01
-2.367288511924874683e+01,-5.121907089593534579e+01,1.003438289732349809e+01
9.664086249318811994e+00,-8.203130972605475080e+00,1.469786491955739116e+01
9.048960635829301324e+00,-2.332478090675101257e+01,2.227607286988218860e+00
-6.147181636880679889e+01,6.624235787085279270e+00,1.755346166802735297e+01
-6.123150348896308515e+01,-1.390576365453480534e+01,4.308824749119795072e+00
9.590002639893837610e+00,4.768784062580937899e+00,7.712785738847630412e+00
9.096537199678918384e+00,8.881499737877891931e+00,7.078740577521502431e+00
9.328041586500090077e+00,8.173753542126757310e+00,1.981196668602962063e+01
-6.874921596846800753e+01,4.073305097859847734e+00,3.020735175973086939e+01
-3.211859400789955998e+01,-4.258612088502039228e+01,1.622083346192820841e+01
6.968091664370460236e+00,9.550744166880217989e+00,3.337021911033293264e-01
9.517539773928204383e+00,-3.471981025924559816e+00,2.682690200001664493e+01
-1.701827198354624215e+01,-5.899315988061931648e+01,3.702641160491483063e+00
-1.904410171653648831e+01,9.647209802276396573e+00,2.468440387560258387e+01
8.454180185353150634e+00,-4.687874889549044610e+01,2.118786551483628955e+01
-6.366486087906486091e+01,-1.136791164490787409e+01,4.352325395969190325e+00
-5.456413611262256325e+01,7.787438665678241279e+00,5.232422420516344985e+00
-3.769678366524792068e+01,9.102092827018044119e+00,1.789635270899886166e+01
-1.081693434129251230e+00,9.724238964905293159e+00,2.521444617009004219e+01
4.907950662273263376e+00,-6.672528975306352095e+01,2.172660401540986186e+01
9.717540863068505175e+00,-6.374661989875118451e+00,1.577859044157181145e+00
-6.492978831815526064e+01,5.609601678346177067e+00,1.765298653641990256e+01
2.547646810722310917e+00,-7.033836932132562936e+01,2.799261759474575229e+01
8.136429083075112700e+00,9.754170945177232710e+00,3.198049023818018100e+01
9.462741741759542080e+00,-1.639090900369650328e+01,1.851996045573487848e+00
9.531224912662734639e+00,3.539885462647763603e+00,1.396213961672845194e+01
-7.239308691547082120e+00,-6.714184593751268437e+01,2.843568786253661074e+01
1.805287828441008102e+00,-7.033545789575109097e+01,1.563760628462898872e+01
9.653985346821455593e+00,-3.208259470031813976e+01,1.979055649834608133e+00
9.529903532824532064e+00,6.886332394070880270e+00,1.137066925381590821e+00
-5.106036330287258806e+01,-2.300210867421932548e+01,2.299471085415490279e+01
-7.005213948500116317e+01,-2.799586878815400581e+00,4.624431350870880308e+00
-8.390098536999973433e+00,9.651761312756089950e+00,6.172081378955668995e+00
-6.517688742663798962e+01,5.319719919803130637e+00,3.027580157904679936e+01
9.674880950203030849e+00,-1.251187338986857966e+01,8.203957460725037620e+00
9.559362884268010063e+00,6.854298805250120807e+00,1.368396415032580826e+01
-7.093393646039004352e+01,1.567274275202581890e+00,4.789029587427707568e+00
4.961769651529037262e+00,9.438897588128813965e+00,3.024597052899640204e-01
-6.189915478451749209e+01,-1.327042014399743763e+01,4.311402120093278612e+00
4.277666341741035438e-01,9.269242614403058411e+00,6.384571121392015769e+00
9.641996826626096251e+00,7.847315359706286131e-02,7.898367750611472005e+00
-2.502649165705088308e+01,-4.969924358532210817e+01,2.257259184846628841e+01
9.640364294791849531e+00,7.978640353261745588e-01,1.521071319034691172e+00
-5.457407717514888645e+01,7.710465109243020976e+00,2.393106787045169881e+01
8.784441739787778758e+00,-4.200542976925923710e+01,1.484559898851330395e+01
-7.570485173910670440e+00,9.744235390743522629e+00,1.872063244991493036e+01
-6.649066320028353516e+01,5.692207480612797355e+00,2.381568665616103431e+01
2.207040925879708126e+00,-7.001218289524140914e+01,1.566414493765319271e+01
5.355111803660859593e+00,-6.513039896118482375e+01,2.806638931770464751e+01
-9.972026725124381485e+00,9.661645146651597571e+00,1.862579700658139359e+01
9.465066218508637164e+00,2.829763014590657377e+00,7.722886888375599668e+00
7.029340038342864361e+00,-5.989841187406028666e+01,2.719337061719899751e+00
9.567010956242169684e+00,3.416609714101543460e+00,1.361915243781057328e+00
9.723375597391791914e+00,-1.594764667986676088e+01,2.055596432153336650e+01
-6.895717883293261252e+01,-5.340533510610679713e+00,1.704180780259378025e+01
8.326648727021504826e+00,9.528839622585405067e+00,1.950912077269086353e+01
2.769741566998787263e+00,9.486159628848557901e+00,3.162154566931360478e+01
-2.600960180914944431e+01,-4.881332593274160558e+01,1.002919879200854503e+01
8.710873299015444715e+00,9.521630635635755624e+00,3.205657826614373107e+01
-4.718559307263069513e+01,8.459709482700329630e+00,2.424084292134310203e+01
-6.892694558910983460e+01,-4.906079327317780070e+00,4.684405226103139697e+00
-5.662174370399696954e+01,7.447177847086823732e+00,5.161477182730424218e+00
-8.518222872618027353e+00,-6.649995959611440810e+01,3.485829492778077565e+01
-4.893232803572018952e+01,8.373954819345488687e+00,5.302068448636989118e+00
7.799921733526216983e+00,9.497441356341237650e+00,1.302269547538023353e+01
9.847215338962056919e+00,-8.302287693518646705e+00,8.332091474059867053e+00
-6.970668857011744990e+01,-3.555848176073094891e+00,2.348052763730251513e+01
8.113236913802635897e+00,-5.243970118370151567e+01,2.619312197672259757e+00
-6.191666978801839605e+01,-1.327091387689698010e+01,4.311505684045785713e+00
9.051023768578373208e+00,8.975294667999779819e+00,7.054203622736837431e+00
-2.973515151882602936e+01,9.466922013011771497e+00,3.084121186225684141e+01
-5.694805285379153759e+01,8.194971864371428438e+00,1.189365303130712626e+01
-7.019277231071691858e+01,-2.967668585698245209e+00,1.094573664410254032e+01
-6.702188780569093751e+01,-8.228849784377782584e+00,2.366719085625629759e+01
9.463963844286380933e+00,6.795544160595671457e+00,2.629763683096138038e+01
7.459232332850659120e+00,9.861770721754080427e+00,3.192203141918403730e+01
5.870506096287128273e+00,9.627618312969612901e+00,6.594128247423840961e+00
6.449138798515830828e+00,-5.949084037696152905e+01,3.399780964586693699e+01
9.260266133830382884e+00,-1.549884126625958558e+01,3.334534144167912473e+01
5.564298545647089256e+00,9.528761447353421232e+00,1.286876209773845581e+01
7.828228425366715371e+00,9.593652953948495821e+00,1.942735885520497163e+01
4.673220990851261192e+00,9.572988064321652502e+00,6.466083484399478110e+00
-6.230087886675684672e+01,-1.291274342789749241e+01,1.049695792628554791e+01
-6.399176426908868009e+00,-6.756128150641443142e+01,2.834507712790605183e+01
-1.231546906536743968e+01,-6.212108921368488268e+01,1.617571149353159399e+01
9.449287912809380074e+00,7.006276549230239681e+00,7.403769434894430290e+00
-1.817143608041104130e+01,9.784922202531316060e+00,3.101071782031067414e+01
-2.300625408012274420e+01,-5.154849057089572284e+01,2.896307970942496013e+01
7.170324906725793923e+00,-5.650544673007807717e+01,3.381739067858325143e+01
-6.504832127078623216e+01,5.760966194696937492e+00,1.138115891293858972e+01
-6.058371680813220905e+01,6.785602490458554570e+00,5.036468872624938697e+00
-6.763019151112638383e+01,4.775748353186504147e+00,4.938202495185580077e+00
-4.210404692399055193e+01,-3.251814477333677189e+01,2.890253053636104141e+01
-3.962734136186296041e+01,9.079647674092282017e+00,3.034650851157033458e+01
-6.759285762689572152e+01,-7.190269766129173235e+00,1.081077815135714282e+01
-2.990838236362861835e+01,9.286850215839958622e+00,1.184838581755285425e+01
-4.155694032545221717e+01,-3.303705839756298701e+01,1.648680328209957224e+01
-1.680983643967437047e+01,-5.798489364904111198e+01,9.850852206149001589e+00
2.831968025809997513e+00,9.639369845536005954e+00,1.269367282804160091e+01
-5.641664198703330158e+01,-1.871130016517924943e+01,1.663172351987157072e+01
9.476699716436881360e+00,-3.737396345268205522e+00,3.303318739682617888e+01
9.495818560758605642e+00,3.267483122911645665e+00,7.730887177258724208e+00
-3.492256207026701986e+01,-3.954240387951131197e+01,9.961715484964289047e+00
7.616700278848382411e+00,-5.571510032177778271e+01,2.156335092719132263e+01
9.617060581952271647e+00,-2.617015834932484708e+01,8.371982902695835449e+00
-6.393289041329740030e+01,-1.114292881707066485e+01,2.955532947020495271e+01
-4.543152208620258037e+00,9.347380583956333311e+00,1.228735579011844159e+01
-2.170366865050851857e+01,-5.299832832658577786e+01,2.274546356445847550e+01
6.054886153162867046e+00,-6.327987722947972316e+01,2.845100047035773017e+00
-4.648387472633660877e+01,-2.828897459250998381e+01,4.046782782737524897e+00
-9.116166412744407310e+00,-6.702089690203342798e+01,2.153352931171355067e+01
-1.347986102014709964e+01,-6.165416487423752301e+01,2.250497744401474165e+01
-6.171298626852552616e+01,-1.376448939871925958e+01,2.934185404210617776e+01
8.800285335105852980e+00,-4.080152564220077238e+01,1.477775503271920066e+01
8.843835106016738834e+00,-3.734630938747520190e+01,1.459968557511371223e+01
-2.739319988005769346e+01,-4.744576273778127984e+01,2.273164012963292180e+01
-7.089638839868857190e+01,-1.299426362232587451e-01,2.975993921975361900e+01
7.839754901439389911e+00,-5.422300384815983421e+01,2.148873713257592044e+01
9.606618869067657940e+00,1.590402859699072025e+00,1.460604247804640821e+00
9.583222616549532447e+00,4.961979314707040345e+00,7.697247786099156386e+00
-6.850585727820615034e+01,-6.328723921270235309e+00,1.694632722394632651e+01
8.765387585425200356e+00,9.315296908268440035e+00,1.322931009769402699e+01
-1.131633720608762772e+00,9.725637748074998257e+00,2.521379761609398429e+01
8.276787407975801258e+00,-4.689374752051864448e+01,8.880151660846594908e+00
7.801341772524407858e+00,9.823605394912984679e+00,3.194949257057973568e+01
-6.999189215180894053e+01,-2.949621250195942679e+00,4.637388029156712221e+00
-9.437696838944619415e+00,9.572071439989418451e+00,6.159269491334855573e+00
7.782147048883301110e+00,-5.455320657596331557e+01,2.150389164918829010e+01
3.425344636430166290e+00,9.531035530252832899e+00,3.167254798671709182e+01
-5.644758095220126393e+01,-1.869266655195647431e+01,1.045168931587866901e+01
-3.556864443931280562e+01,9.086550839358256582e+00,1.184681138014519952e+01
-1.340589625533235285e+01,9.381940657176318865e+00,5.951894504436696209e+00
-6.840423491478287588e+01,-6.303809291862460640e+00,1.070698626512361962e+01
9.352056023337807389e+00,-2.898347475772909476e+01,8.562970543115627109e+00
7.813799672576333677e-01,-7.072894142112957638e+01,9.291735726778712845e+00
9.531561690156221900e+00,7.035223459811138724e+00,1.123463827512212632e+00
-8.694692181678705722e+00,-6.612570580280129207e+01,9.709585766037834631e+00
8.846740057815422276e+00,9.254860503769602786e+00,1.325472441596125073e+01
4.495299025673487492e+00,-6.763362138396740875e+01,9.221855918961070486e+00
-3.033707855455389790e+01,-4.445301184431991715e+01,3.886187045760694403e+00
-3.665519745146892205e+01,9.173533693250373489e+00,1.789063760062668962e+01
9.427531130387817981e+00,7.252643684832772664e+00,2.625301322852686781e+01
9.844242414026266985e+00,-8.563140649550415873e+00,8.331964924254039673e+00
9.230195771521321646e+00,8.609544833903452599e+00,1.975513841599112652e+01
5.123249197730840976e+00,9.545043708595141396e+00,1.284543409191536689e+01
-7.075941425740029445e+01,-9.853446567999633032e-01,2.953781502979325069e+01
-3.151475034849215717e+01,-4.310463232972065839e+01,1.623773351178638791e+01
-7.085931408354250038e+01,-4.033322690588612147e-01,2.967885595991327818e+01
-6.936858752989613208e+01,3.109812091395713907e+00,1.767277872051991494e+01
-2.976528002479633983e+01,9.306420989634130336e+00,1.184462823985497160e+01
9.474221757164114521e+00,1.803413156226451264e+00,3.280165457901759396e+01
9.227334407277110628e+00,8.804133209872450294e+00,8.700313935447088198e-01
-5.220362693084422290e+01,7.945804207974386912e+00,2.396389128439579963e+01
8.797667848256462975e-01,9.503040204715954786e+00,1.878633602990430518e+01
-2.314508528645629326e+01,9.271324687039555812e+00,1.187968537930079727e+01
7.789957794929334156e+00,9.516164027189372376e+00,6.803050400881035742e+00
-1.323379735448134120e+01,-6.240402772805239806e+01,2.849736195481148116e+01
-5.980265132992167310e+01,-1.566659582716280497e+01,2.938435050070597754e+01
-6.932999872125549246e+01,-4.193926141110420502e+00,4.708188141009005179e+00
-2.200569247718061661e+01,-5.277876623310510240e+01,2.268927095404751526e+01
-3.178368939152393935e+00,9.581025041202739345e+00,2.504538586303567627e+01
8.149813914102876922e+00,9.467131161921312099e+00,6.846383660897261692e+00
9.641039693968762592e+00,-1.176249769626618757e+00,1.414095289980176240e+01
-7.060875921721836335e+01,-1.634776214970795394e+00,1.108604896438476040e+01
1.482002203931015671e+00,9.676762900363666375e+00,1.267624986967180867e+01
-4.138538756184271961e+01,-3.331170613182720786e+01,1.019209685402018017e+01
9.324426245675480729e+00,7.943901490868991999e+00,7.253547516774746740e+00
-6.601022538946224927e+01,5.588927147797708272e+00,4.965371291020518996e+00
-2.619530021482427173e+01,-4.863218735903910783e+01,1.002192522244689776e+01
9.219636533818855284e+00,-3.519563209275692373e+01,2.132595685340032787e+01
-7.109340200496512807e+01,4.042273802855653742e-01,2.352157902344052332e+01
-5.549929772641218051e+01,7.638893048847624101e+00,2.393453804528135720e+01
9.224954102477111562e+00,-2.134389254340154807e+01,2.693257250153510540e+01
-5.152321290933857156e+00,9.642009408589633068e+00,1.881674223880354191e+01
-1.586694424087076705e+01,9.462610546539405476e+00,5.932087335373156023e+00
1.013114389304268848e+01,-1.235449892140041683e+01,1.478412390556138867e+01
9.231328335884709801e+00,-3.509710193088639585e+01,2.132624378316779712e+01
7.895449065135265343e+00,-5.501083733902470385e+01,1.522425434131275956e+01
3.447140093531627869e+00,-6.859408380167786845e+01,1.559955662719528569e+01
-2.586380111116943681e+01,-4.929836263553340814e+01,1.647962750905915641e+01
2.829451947022487701e-01,9.667991320299645253e+00,2.522678743965417425e+01
9.181697394541286528e+00,-1.198585246605751919e+01,2.710843954321694582e+01
8.801451567335105253e+00,-3.875716723234728533e+01,2.123705118166373040e+01
-9.644900274379610394e+00,9.524508292094768791e+00,3.112140065841768433e+01
2.512912914618821603e+00,-7.005146623708469633e+01,9.350426648140684804e+00
9.687197234738361473e+00,-1.280061858909103734e+00,2.666786047370553092e+01
5.504125773546915568e+00,9.547109243089952457e+00,1.286660126401645421e+01
9.339387773349328015e+00,8.043850273125318751e+00,2.612213895191445090e+01
9.221814887888795553e+00,-9.479719685745617852e+00,2.709948797050418534e+01
-3.900446081505748452e+01,-3.562496716017730591e+01,3.895124893823494361e+00
-1.215644510705740977e+01,9.409362434056308899e+00,6.021260171608064482e+00
-4.561327537194193837e+01,-2.985761992286243682e+01,2.317332802397146452e+01
6.671178901880038481e+00,9.562815852792649451e+00,1.928475196093037880e+01
7.387847509113383282e+00,-5.768608463096811079e+01,9.005849720878929432e+00
9.288497544520337712e+00,-1.285739231215340439e+01,2.713405266573062136e+01
-4.984781346597685570e+01,-2.406913792059139823e+01,2.289291441773400493e+01
-6.479310144234412405e+01,-1.018237899017527681e+01,2.956424845010042191e+01
2.100449867500200796e+00,9.460669482617145576e+00,1.888828813396321493e+01
-3.386280446810150124e+01,9.285336863081905534e+00,1.805777312277365354e+01
9.737707888003795276e+00,-2.242892723775549868e+01,8.132466662404711499e+00
1.238806342398218518e+00,-7.135833966007804463e+01,2.794228327547216395e+01
5.823451993136925964e+00,-6.271130163879310260e+01,3.435811804357956589e+01
7.880200435457252794e+00,-5.202156281202491073e+01,8.932482107898126245e+00
9.676334224514588911e+00,-1.286996945312638374e+01,8.204204873488267324e+00
-2.159599512227774198e+01,9.349512777683226972e+00,1.192983839005290925e+01
-3.692516557871061877e+01,-3.778205386068127325e+01,2.892576268145876384e+01
-7.039570529239105667e+01,-2.205373487141638833e+00,2.946335462692064766e+01
5.769142932405086910e+00,9.463043346845001480e+00,2.949309597481875045e-01
-7.109132368648869260e+01,1.042417622243430486e+00,2.357985093438273339e+01
-3.706685370576678906e+01,-3.755798422209457499e+01,2.898164719972055536e+01
-5.219537026467367014e+01,7.939751640750959183e+00,2.396569340415209126e+01
9.608843339604332456e+00,6.721789810929159614e-01,3.282733104369984289e+01
9.711454524256536658e+00,-1.258965642321060940e+01,1.716510314793113778e+00
-1.085978066034454237e+01,-6.836409261638354451e+01,2.037857787668656329e+01
9.224658746232988094e+00,8.651367280128727799e+00,1.974877316170997688e+01
-7.069455412840756026e+01,-1.252324100327196987e+00,2.949371987345452339e+01
8.423568473780163046e+00,-4.967839256960783700e+01,1.503710771054397988e+01
9.090234216985889404e+00,9.041998178562590027e+00,1.333808873484480451e+01
4.786008841189525853e+00,9.460648069175913832e+00,1.911027715320076936e+01
9.454828762398618025e+00,-2.221190541084980552e+01,2.098939020177556358e+01
-6.453847205967173295e+01,-1.045206231415118836e+01,2.955679789103857047e+01
9.541938059676395412e+00,-2.538161369984510074e+01,3.321083523437749818e+01
7.510877464926464242e+00,9.856087015438593113e+00,3.192570495777076189e+01
6.364917948663473268e+00,9.493394224125278669e+00,2.548567875640014790e+01
7.484929228270230439e+00,-5.767492196594042753e+01,2.663250171000614230e+00
9.469726490163138166e+00,7.894617998688094218e+00,3.231503437319273075e+01
-1.759485619214247620e+00,9.304290975444171607e+00,6.302668998042820547e+00
-2.096069176403830170e+01,-5.452719831565883624e+01,9.601035563840612852e+00
-1.201748315673344969e+01,9.581266871888754366e+00,1.228327205381369147e+01
9.101455289983332975e+00,-2.968164092076335336e+01,1.475126976062955642e+01
9.623391598962767191e+00,-5.536174523739742170e+00,2.690773842350529321e+01
-7.036856152858820224e+01,-2.519994009412183544e+00,1.101275830737256634e+01
-2.552829923765261810e+01,-4.916579599396831668e+01,2.261532695321338338e+01
-2.542545812701087016e+01,-4.990330644107152125e+01,1.624961806640575901e+01
4.381324378208232062e+00,9.382196422409645464e+00,2.532788053278969187e+01
9.220404175463327689e+00,8.491886398025986438e+00,2.602063421330871051e+01
9.413339133874385922e+00,-3.259322638687305584e+01,2.129841607047063690e+01
3.283743783499287971e+00,-6.881806906204383267e+01,1.562527097281759048e+01
8.419819213762364640e+00,9.429404158011440273e+00,5.709146766420918340e-01
6.190039194066228490e+00,-6.301869265147419696e+01,1.540563878011119137e+01
-1.548269716102413618e+01,-5.947041823130763305e+01,1.591385747303070453e+01
9.589632280677760079e+00,-4.928544346833341194e-01,2.016263864060724131e+01
-6.312426922621114045e+01,-1.185112779932252280e+01,1.066348547902095056e+01
8.809516571012833808e+00,9.110136009326676998e+00,2.585293305886304438e+01
9.557261331986607544e+00,4.131785303503814788e+00,3.282726664445414144e+01
8.993184216174068268e-01,-7.145452120738373480e+01,2.796586389950357443e+01
-7.091432536976250844e+01,3.345486581298509066e-01,2.990815297326091127e+01
-1.089725152790049556e+01,9.610610435862550816e+00,2.484948425560116902e+01
9.145150563372764552e+00,8.936017608249411381e+00,8.276073112406283627e-01
9.532630853708381480e+00,5.562028537452480492e+00,1.262665134197080263e+00
-1.191913711052512959e+01,-6.270582483327291357e+01,1.609609501446840341e+01
-4.499663822160263749e+01,-3.002481456708980190e+01,1.659447385547409226e+01
-9.130072047595264806e+00,-7.008104127518265614e+01,1.197985262547075713e+01
-5.577371742140516631e+01,7.668683045286247335e+00,1.773757209789798139e+01
9.707778750474373552e+00,-1.207261672803883457e+01,1.702696950654145169e+00
-2.798796296789248572e+01,9.568557394126191440e+00,3.084765827581472308e+01
7.951462771125248352e+00,-5.431723949795065209e+01,2.634027987089469391e+00
9.531632510347320064e+00,-2.531110998689151970e+01,2.103815562056843191e+01
9.449870045303155663e+00,-2.143368724564950512e+01,3.349245708660106402e+01
8.180694570459063897e-01,-7.056665548514530428e+01,3.465632655355921088e+01
8.799834711263683218e+00,9.246193563162893980e+00,6.966704431133850406e+00
-3.732486721465592794e+00,9.528751030660441046e+00,2.497784917642300684e+01
-1.512025055004335350e+01,9.478721544352868733e+00,2.461550304296314096e+01
9.469354743552569786e+00,6.425699324832987003e+00,2.632554296902924307e+01
-3.741173173511305095e+01,-3.705861991939740108e+01,2.904208479540216103e+01
-4.987534783314856668e+01,8.292108950321154026e+00,5.308325924516468675e+00
-5.610038268238005799e+01,-1.925065900469941127e+01,4.186820554344224732e+00
9.477642328996180865e+00,6.801784323787583020e+00,2.002408511012581016e+01
9.144909360997642622e+00,-1.067026464603425140e+01,2.709484633309324408e+01
2.903073517914576129e+00,9.509309389216671349e+00,6.456706826159534174e+00
1.560287079299909507e+00,9.612092706491583982e+00,2.526603810842604503e+01
9.658689651881841698e+00,-1.449106735009818792e+01,8.070531822456958437e+00
8.641313728573662090e+00,-5.024069764796087156e+01,3.406336040151313682e+01
-6.965474108579840617e+01,2.550492255804602593e+00,1.090626371186607635e+01
1.010830413294752184e+01,-3.459459577891340132e+01,1.770812017346033329e+00
-6.668753057050645339e+01,-8.239913577175425274e+00,2.975409737519620990e+01
-5.713708176740877320e+01,9.159554877555532215e+00,1.217331405391888843e+01
-7.055061154098052612e+01,1.126382245456074571e+00,1.093191663726455154e+01
-4.288908124185081761e+01,-3.147917624099936162e+01,2.893564684617103921e+01
-2.099361902389406964e+01,9.403832903288002143e+00,1.197132396179313396e+01
9.589329821750821381e+00,9.264440296437470579e-03,1.535126341541671380e+00
-2.839092856923667796e+01,9.255426034128387158e+00,5.269565913677043412e+00
9.400548437673817759e+00,7.589549809564626770e+00,2.620637322546303949e+01
-3.298850891409909991e+01,-4.137037806988570310e+01,1.022472665078228893e+01
-1.513788998523287610e+01,9.492600120668260644e+00,1.213263507159226329e+01
-3.076848198953553037e+01,-4.409042326067060458e+01,2.907874073976222462e+01
-3.914481961999823056e+01,9.113054774961018012e+00,3.033200841017068683e+01
-5.322453064557856806e+01,-2.132762473438893025e+01,2.923862906143932605e+01
-4.538507405709165710e+01,-2.975579277928406086e+01,1.026087870418132475e+01
9.668688432640577091e+00,-2.981235221954292669e+01,3.360679548578360709e+01
7.496752855608972865e+00,-5.655131073822329313e+01,2.161369388383741352e+01
9.304476098311480925e+00,8.072045932304146021e+00,7.233994582632933046e+00
8.630937212155684435e+00,9.563312804859823046e+00,3.204001605948380416e+01
-5.891305082197192178e+01,6.341297335865174745e+00,2.985505224686340853e+01
-6.511321796789617977e+00,-6.850136304533660336e+01,1.450426479628652210e+01
6.993751302356200128e+00,9.581760667111080210e+00,1.932047111860805444e+01
5.860906513356637149e+00,9.630707613404933198e+00,6.593526694044088643e+00
9.619364466565796690e+00,1.572308005894775818e-01,2.015772694431757373e+01
-3.728400626953998653e+01,-3.722429766984363653e+01,2.903187153181943359e+01
-2.993341801112626399e+01,-4.495222982889661978e+01,2.921806393590946982e+01
9.479180595396284659e+00,-3.777318283543404931e+00,2.044918602133094510e+01
-5.648505431459270199e+01,-1.862905781095379254e+01,1.662684702621606903e+01
-1.139783622610869607e+01,9.620366071222914428e+00,1.230392068151100382e+01
-6.787048410116030439e+00,-6.929193090263822796e+01,8.547075367369020071e+00
-1.443276779756104311e+01,9.609472934481825490e+00,3.111580666381877336e+01
9.186113913301992895e+00,8.876243462103087012e+00,8.466671286244480399e-01
9.237746915480640197e+00,8.599176101537356232e+00,1.975474346192211783e+01
9.514840911972667570e+00,-1.598231715424502042e+01,1.830818623064034867e+00
-5.467578481279679181e+01,-2.064508503653281579e+01,4.243939943466218168e+00
9.882933323757070454e+00,-1.327112452760311712e+01,2.058636472277962071e+01
9.590494842725318492e+00,-3.133841446043789958e+01,3.377343900652675757e+01
6.870817510247603010e+00,9.570455515405296154e+00,1.930754573867679369e+01
9.005516039450183641e+00,-3.706651822644113281e+01,2.746485249382078564e+01
8.105587644449341767e+00,9.482713096334460801e+00,6.837829400984377415e+00
9.064553900983069568e+00,9.257668466395127638e+00,3.212312078929548420e+01
-1.173293366491611955e+01,-6.373907635930385140e+01,2.854897316797143958e+01
7.894380902068631300e+00,-5.161940657044468139e+01,8.937601273263227952e+00
8.777171121606469839e+00,9.129967265228327022e+00,2.584122615730757389e+01
7.727093588510852484e+00,9.483991998143100233e+00,2.566842729036369519e+01
-7.344063298908880100e+00,9.726307656579397332e+00,1.873096485829022129e+01
-5.156701233719877564e+01,8.287063660628451345e+00,1.796621127775370041e+01
8.171156563494347935e+00,-5.192275445323690519e+01,2.611528159643798475e+00
-2.961768634566584524e+01,9.106950552951904143e+00,2.442145104178351289e+01
3.978632515766802769e+00,9.589221235667555021e+00,3.171371399524389290e+01
5.206703920342418357e+00,-6.599906071032228283e+01,2.173413175253767804e+01
9.366744923454573879e+00,-6.439768398843238373e+00,2.064712690608379830e+01
8.951585993449155509e+00,-4.073155284670718856e+01,8.681790390548487224e+00
9.452769512348167424e+00,8.095613441699104129e+00,1.013677947463664353e+00
-4.880001751588324055e+01,8.329648238745573252e+00,2.419582470909557514e+01
-7.246884043261731634e+00,-6.762083815682352395e+01,3.478360372736563022e+01
9.552353271110858302e+00,4.070461298512629611e+00,3.283120247008267256e+01
9.615189123278467420e+00,-1.040684082077958905e+01,3.332238725783406608e+01
9.532431060021734126e+00,4.233160137979961490e+00,2.650885956345416616e+01
6.822288118303303506e+00,9.598535795697589634e+00,6.705909090645706172e+00
-4.444656248906630935e+01,-3.320408002876089881e+01,2.348737387835910795e+01
7.640950718350209669e+00,9.498612820334759732e+00,2.565644860788003712e+01
7.676044188074795827e+00,-5.629688126946521720e+01,2.797587696241612321e+01
9.557786511378820293e+00,5.798280397931680596e+00,7.594246617861331927e+00
1.268875731436081011e+00,-7.067238220878184052e+01,9.292732235336190527e+00
-9.939438634789327764e+00,-6.823603966139762633e+01,1.299850462310621602e+01
9.640280422550231876e+00,-1.444314340828013243e+01,1.766825808121042840e+00
9.564153382652220259e+00,-1.441325144715186468e-01,1.532388352563957667e+00
-6.883071671119921575e+01,3.591172493137325006e+00,1.102577777088919397e+01
-6.996766022191397383e+01,-3.257151616893164459e+00,2.957858767499112673e+01
-2.797702594106101515e+01,-4.674462857620352452e+01,9.982470623826687373e+00
-6.010428268183433786e+00,9.478733281142044831e+00,3.095442366282429703e+01
9.466187553252664699e+00,6.846248247206450088e+00,7.431622693005268232e+00
9.507869998381407228e+00,-1.601897389884694789e+01,1.832833174370110285e+00
-7.062774551888045949e+01,-1.681270073596589754e+00,2.339608038874888507e+01
6.571423308694731347e+00,9.561345751445532670e+00,1.927422959632733068e+01
8.009180382516658980e+00,-4.978959433100044407e+01,8.937878590921004118e+00
5.016317714729721544e+00,-6.616207270769865545e+01,2.937478543202020731e+00
8.642457870696771849e+00,9.381079809462629981e+00,1.319380237591392024e+01
-6.355517012940174482e+01,-1.158712345293337975e+01,2.955677217560446479e+01
-6.982976462842424326e+01,-3.779362504892301189e+00,1.080573928687749863e+01
-6.043917199616407743e+01,-1.472443891594884846e+01,1.055522525319003257e+01
-2.539905965868945259e+01,-4.862996295023168614e+01,3.989569366205985901e+00
-1.138920467000997583e+01,-6.354949242311684543e+01,1.595167644365852944e+01
-4.932377568979832816e+00,9.372110682080386113e+00,1.228349160717209720e+01
5.322279785928371254e+00,9.603925468334896465e+00,6.527431179975339504e+00
5.124078969178126997e+00,9.432272147444049182e+00,3.006255772010479888e-01
9.541542435418248758e+00,7.076381666893350797e+00,1.121043371448282144e+00
-2.955048149747204889e+01,9.399746793789983457e+00,1.821080477007862441e+01
9.410596085996017379e+00,-2.345856348945207159e+01,1.478541704124023859e+01
-5.583995590501228889e+01,6.962656804641657260e+00,2.989594640040496643e+01
8.509668467030335748e+00,-4.351378966298146622e+01,2.135531521308053016e+01
9.005525788161717671e+00,-3.306940095140211611e+01,1.472507816717001283e+01
4.012868555900210410e+00,9.594214661151472257e+00,3.171602370673608107e+01
8.133365940787738779e+00,-5.230683567963961877e+01,2.617199037633385572e+00
1.718835354052997033e+00,-7.109642542301411083e+01,2.793253861200457777e+01
-5.131829340532516426e+01,-2.278865231192586904e+01,2.300741402703087601e+01
9.564016284723463102e+00,2.751172934199519915e+00,2.665190712370062442e+01
9.390414508930915005e+00,-1.298366631587506603e+01,3.324897590945994352e+01
9.724495219987998595e+00,-5.987940960215890840e+00,8.139360869232804774e+00
-1.019436615860877460e+01,-6.505070424083393732e+01,2.865083586798016313e+01
-5.638736789172173758e+01,-1.966050176449583020e+01,2.287328669906790424e+01
-5.993682394856543283e+01,-1.499193756277481882e+01,4.324503702595167809e+00
-4.521775933412644122e+01,9.053030621612453643e+00,1.175448187794836663e+01
9.112683580994227484e+00,8.927964923271193953e+00,1.970465690102980716e+01
-5.013257991244506684e+01,8.277173441575950363e+00,1.161520619961921064e+01
4.435641887887395995e-01,9.672001795723421225e+00,2.522941175349714626e+01
-1.826746514338435645e+01,-5.610781741178499260e+01,2.256922061813156688e+01
-2.368877489600686204e+01,9.223891082071670411e+00,1.835809560657118311e+01
-3.679977167617161626e+01,9.185865185767799090e+00,2.452068351463043427e+01
-5.364393821137051077e+01,-2.130076340492396625e+01,1.052071409727577311e+01
-4.201732588345038266e+01,-3.850051709653575926e+01,2.465590686830387313e+01
-6.337681844707335088e+00,9.543139485676864098e+00,1.235061335679577788e+01
9.253532983377338539e+00,-1.258887801774713111e+01,2.712544494000951545e+01
-6.929885155025692711e+01,-4.270430749614401833e+00,2.349366660600904311e+01
1.612208942760501529e+00,-7.058516906443605876e+01,9.302494056885736384e+00
-3.573643285787736090e+01,9.571675670813096559e+00,5.565414577140247232e+00
9.546285996210597702e+00,3.030611380940744226e+00,2.664009565363542720e+01
9.231661514355378628e+00,8.607629835252698314e+00,1.975322516140343510e+01
-4.241486655178664478e+01,-3.219179296435311244e+01,2.889907319803643304e+01
-1.548417649066675672e+01,-5.986494810183332049e+01,3.506121720188218660e+01
8.505140120910423818e+00,9.374371877694979815e+00,6.901898150612426619e+00
-5.915369451528053446e+01,8.342422750300489298e+00,1.195516481299093137e+01
-1.195262901327248706e+01,-6.354913883933211594e+01,2.853791468767485640e+01
9.389641092732231797e+00,7.458581508068451882e+00,7.333214415117142337e+00
9.566751981361447221e+00,-1.781960511575249129e+01,1.454601210766645814e+01
9.447475247614958604e+00,-2.928672863125509451e+00,1.661275797159762035e+00
2.374204457023095571e+00,-6.984672099220409791e+01,1.567147437533640364e+01
-6.593410101663073419e+01,5.923452111954592425e+00,2.384873755504372639e+01
-7.035995254645274599e+01,-2.508899768380015161e+00,1.101385283509256574e+01
9.553225088829831790e+00,6.946966033494550885e+00,1.367583440127688910e+01
2.099091825064901329e+00,9.387903109863170670e+00,2.113941246256718642e-01
-7.000066175488282738e+01,-3.166729994499004164e+00,2.956519843455217256e+01
9.294386324878074035e+00,-3.005316916767555924e+01,2.726726512855975670e+01
-1.540823375870854939e+01,9.485262703384972127e+00,1.213126922350167725e+01
-9.386555329567899619e+00,9.536065749496973609e+00,3.110479444849249830e+01
9.560184994820728477e+00,-1.675564511018688307e+00,2.024731150114575939e+01
-6.644240718249270117e+01,-8.142779909538855776e+00,1.093142369412024273e+01
-6.989048709189592046e+01,2.225254878609110420e+00,1.089301389823882182e+01
7.809263932950669229e+00,-5.550689385603192250e+01,2.640627896124358998e+00
-6.960884768967059699e+01,-3.294424877878736169e+00,1.713342852299732044e+01
-2.441387449486217065e+01,-4.992737907053785307e+01,2.904281127588922118e+01
9.758534125982674112e-01,9.360358948672786283e+00,6.406142128705583971e+00
7.239248628964899623e+00,9.483144733099852175e+00,1.295007314433155621e+01
3.896974596967877957e+00,9.587339786433172861e+00,3.170853207217948011e+01
6.714330989108672654e+00,9.528804222315027772e+00,3.157475146778399022e-01
5.688526090007284708e+00,-6.440853137886614377e+01,2.883390809753906936e+00
9.076183994827600188e+00,-3.887880925996333303e+01,8.504415118272051544e+00
1.206408052312779589e+00,9.636812616502052009e+00,2.525160381308293722e+01
9.184671222151989056e+00,8.635091374335278402e+00,7.133366201206515100e+00
7.579459605354996299e+00,9.859208684700366376e+00,3.193151429038186961e+01
-5.789631120653018570e+01,7.401480942746278657e+00,2.394033085148601003e+01
5.362411216819706894e+00,9.446237907598440842e+00,2.986340437935002257e-01
9.228978018899168134e+00,-1.957305817639760548e+01,2.039956362318976701e+00
9.706668822093773130e+00,-1.451447621071690008e+00,7.970790522216420371e+00
9.637187158708227841e+00,1.919517016018357225e+00,2.027927903212068372e+01
1.657441091534677113e+00,-7.033092858803043157e+01,3.459148380181147786e+01
-1.730000753144782522e-01,9.568006981369986619e+00,1.293354804877413500e-01
-6.677441323408496032e+01,-7.878086390942609540e+00,1.090144740376038790e+01
7.665633207823230322e-01,-7.083578957258052355e+01,1.559875743749376120e+01
9.467371222992509772e+00,8.061310218091133351e+00,3.229770777008397431e+01
9.299371812428601558e+00,8.284726109085912782e+00,1.979761360297155193e+01
9.150777326789123478e+00,-1.040226392433475766e+01,2.709610945781111013e+01
-1.603474491673297919e+00,-7.099570047729788769e+01,2.830543271522981286e+01
-4.027953940180131553e+01,-3.424932550897889882e+01,1.642447322686632560e+01
9.572644375189126364e+00,6.185103017776409473e+00,1.374008923176546837e+01
3.329251496613265360e+00,9.523471129905917820e+00,3.166511872484008450e+01
7.291723829020353875e+00,9.565631386599630304e+00,3.639033333563777006e-01
-6.536411806155328463e+01,-9.592063250846802447e+00,2.959833090076358530e+01
8.929566717710939017e+00,-4.329552612150388313e+01,2.326746482741755884e+00
8.750538002629353329e+00,-4.907696784546529045e+01,3.418740329228569408e+01
9.592971951534336128e+00,6.154041179024041242e-01,1.406749734501380722e+01
-8.634129719022229921e-01,-7.083358321312420003e+01,3.174918210009623820e+00
-1.111944327691185386e+01,-6.436170869680995565e+01,2.204516761821122373e+01
8.679455974762644743e+00,-4.537859585757422565e+01,2.457280594348079106e+00
5.798300268003570679e+00,-6.283150859359024309e+01,3.437378290584126717e+01
-2.820140069466833666e+01,-4.653579958320972310e+01,2.928578621783265135e+01
-2.962338131033336097e+00,-6.995136637196094398e+01,1.572747721843302493e+01
-6.873137042774047245e+01,-5.234983412786714752e+00,2.349367459051350693e+01
9.512782731268996983e+00,7.532060583116003016e+00,1.360619985428158607e+01
-8.825720974918796813e+00,-6.558808420188586297e+01,3.419779878899193548e+00
-9.152647130695017452e+00,9.600481633887856248e+00,6.167953131977087722e+00
6.231072545143204522e+00,-6.292415755724144333e+01,1.540587469903039342e+01
8.953145962318869167e+00,9.194447898420879284e+00,1.328861767576109010e+01
-3.164701740913335470e+01,-4.279278015615312825e+01,1.033475304634942127e+01
9.544313327458580076e+00,5.283572706644125816e+00,1.290136073179541043e+00
3.909295353950010821e-01,9.270113480892309354e+00,6.383059286900378382e+00
9.453022830628013295e+00,-1.417141426935561910e+01,2.717252527801849737e+01
-2.134401610721363340e+01,9.376259196120901862e+00,1.194630241039179630e+01
7.160134719422840632e+00,-5.930869068323710280e+01,2.700975020848376928e+00
9.568184767337468699e+00,5.383884307820554938e+00,2.020204431058633077e+01
9.276200556913464013e+00,-2.639692753219665278e+01,1.478859992821685587e+01
-1.122311506480957810e+01,-6.376705833798136780e+01,3.495403534439310533e+01
9.451910359989367905e+00,7.034400364001701433e+00,1.998567933125215745e+01
-9.424294863066394967e+00,9.727194344176684382e+00,1.238982526402199547e+01
5.254021044080444014e+00,-6.547342696378046867e+01,1.539960236071044797e+01
8.598869402346222657e+00,9.370740146356940414e+00,6.201954078172082774e-01
-7.027323290099508313e+01,-2.761404163603625506e+00,1.097845312219109992e+01
-3.300993239639464605e+01,9.225520197105378628e+00,2.450722331280388744e+01
8.790142127590113930e+00,-4.418877543086665582e+01,2.419502352138325207e+00
-2.439925595560142213e+00,9.669840460600067189e+00,2.513429002598653028e+01
6.158515857131304116e+00,-6.295606747009611581e+01,2.833490773754563818e+00
-1.953114041550287538e+01,9.498331339954386721e+00,1.832996552663867362e+01
-6.998878520472590026e+01,-3.438837056975867057e+00,1.086449556635966651e+01
-7.059411416917293991e+01,-1.624834536296969389e+00,2.945903831425570729e+01
-7.060690064528290577e+01,2.081747385023984265e+00,3.040152643567884638e+01
9.413802706285876454e+00,-2.332555002059615035e+01,1.477739280339096872e+01
-5.339715573556676986e+01,7.937513893868096915e+00,5.265433460598929472e+00
7.846641258236614291e+00,9.821011375737892735e+00,3.195288123290657722e+01
-1.052206404775063397e+01,-6.438492389121364567e+01,9.743808239343254129e+00
6.705055518365723444e+00,9.494462624898734049e+00,1.290691935418982617e+01
9.524679673291243986e+00,-1.871950044172669081e+01,2.079976335195112824e+01
9.637204981638346268e+00,-1.963510110652375573e+00,2.673156030828334906e+01
-1.104635005950626869e+01,-6.484993770182944672e+01,2.183368620339081190e+01
-2.932501149767876569e-01,-7.088186892350233848e+01,3.170555321649858982e+00
-5.214083905787123285e+01,7.746032100451412106e+00,3.027839467011355623e+01
-5.945888282892417465e+01,6.971926664218987213e+00,5.066993878986908229e+00
8.516907768877215901e+00,-4.361463193147568518e+01,2.135335150383923519e+01
-2.432481396373219695e+01,9.255710459897041886e+00,1.836442667013878349e+01
3.605392354199095095e+00,9.419935636054947992e+00,2.532047467788990502e+01
-3.430523801967495956e+01,9.370660488319099812e+00,5.339487970894355229e+00
-3.355093315950512078e+01,-4.057470940792964598e+01,3.818700687558193252e+00
9.378440171668442460e+00,-3.356137923343339935e+01,3.369801803062199497e+01
8.625054059189038114e+00,9.340076684749806901e+00,6.925262057342807864e+00
9.477050181406069029e+00,-4.752088426387754083e+00,3.315021406463279163e+01
9.699633091968420828e+00,-6.945698749953873374e+00,1.542609903908756408e+00
-4.825269517862524893e+00,-6.916218247874923009e+01,3.228606382186116619e+00
-2.519827239825744414e+01,1.000629473134486247e+01,3.102551792045420598e+01
9.584084323680313489e+00,4.777018018792322351e+00,3.275714018718585407e+01
2.380873872842355965e+00,-6.983856927845616269e+01,1.567111202361991396e+01
-3.555685804735223599e+01,9.536192474404753483e+00,5.529301410484864121e+00
-6.200761825867925836e+01,-1.285651839407664099e+01,1.675018576715345375e+01
-6.607360961207504602e+01,5.870532364303617356e+00,2.384450084709627049e+01
-5.917552479816436062e+01,-1.625961563118827868e+01,2.938294626703682866e+01
9.446877323746234012e+00,-4.216309327988252420e+00,2.050129746688992327e+01
-1.548949555887674201e+01,-5.972696197742922664e+01,2.242471755264710964e+01
9.284567799398187660e+00,8.654654270220415668e+00,1.342888172098520450e+01
2.503383194925872246e+00,9.390431219500602111e+00,2.373658555670932202e-01
7.958509399996300360e+00,-5.420686206332135271e+01,2.633590787148138546e+00
7.455540014952815042e+00,9.508319807272808788e+00,2.563281040707894931e+01
8.165703495429692538e-01,9.437897365148895545e+00,1.466784372634482025e-01
-6.679644561663786817e+01,-7.862913670627616369e+00,4.466357586707319527e+00
-4.265970459930088055e+01,-3.185834000431425395e+01,2.891336020871602841e+01
-3.159044237157951329e+01,9.201991709768119421e+00,5.152850314963233203e+00
-4.158955706762853310e+01,8.752879879199877422e+00,2.420946577504619768e+01
-3.688842032793078829e+01,9.157981319366708561e+00,1.788872112696192573e+01
9.430271033435529304e+00,-2.702690928280869542e+00,1.639539215768111902e+00
-4.993958826513678062e+00,9.456410885267334976e+00,3.093049975218423242e+01
9.681239655653142151e+00,-1.219457036797470195e+01,8.202499453759289239e+00
9.490172551526482536e+00,-5.117054629445672020e+00,3.319107566997502090e+01
8.902451628154066654e+00,9.026498152108363371e+00,2.587966454762405988e+01
-5.767821736344007633e-01,9.588636706775769625e+00,1.258287521636839479e+01
-6.777772194135218342e+01,4.542074785400370018e+00,3.014025743871295049e+01
6.953761696047136454e+00,9.518925455359454446e+00,2.556640957389689106e+01
-1.839037834030943941e+01,-5.596190941365784965e+01,2.258547421288443502e+01
9.016308647437197621e+00,-3.637577557111775661e+01,2.745521367676252567e+01
-6.130110003616556469e+01,-1.421818515021885432e+01,2.932708652183094955e+01
-4.891122505432436540e+00,9.442710354504750825e+00,6.019588996901363842e+00
-5.766980002046548748e+01,-1.741626592998965961e+01,4.239416193693701373e+00
2.677254535047778106e+00,9.502693328164117048e+00,6.458888079722912678e+00
6.443145237040196704e+00,-6.276590105390678787e+01,9.004718219874577656e+00
5.758125904597248379e+00,-6.424574919271012163e+01,1.540349248153393269e+01
-2.873507682575672106e+01,-4.637791393721829536e+01,2.287950589592057327e+01
-3.177386044776557839e-01,-7.101028475792057293e+01,2.182076756550020491e+01
-6.016776314634705614e+01,-1.478174882617974717e+01,4.322554810633421951e+00
-7.065065483271902735e+01,-1.598610959297825929e+00,2.339550205417535267e+01
9.297473447436059857e+00,-1.414332940796507998e+01,3.325760973084118177e+01
-1.051500630440671280e+01,-6.417372261433018821e+01,3.551631426433489835e+00
-4.299654108270090092e+01,-3.129091540461683607e+01,2.894492712082387698e+01
-5.211809540683111663e+01,-2.262339384259332675e+01,2.923700596044500344e+01
-2.272559099951791950e+01,-5.148385540955939632e+01,3.760899540611491787e+00
-2.658777900991293563e+01,9.363141761769387728e+00,1.185647586532324915e+01
-3.044684081217354787e+01,-4.398544253368706336e+01,1.632628795607553229e+01
9.632727502433935385e+00,-7.548299167905849316e+00,1.467722776501449466e+01
8.785669211943909929e+00,9.261335233679641732e+00,6.962660261347894064e+00
9.839738624933543676e+00,-1.430207360745670186e+01,2.054093068631689789e+01
-4.385577996232214559e+01,8.946580049703737103e+00,5.201954327410094336e+00
8.702811396221902029e+00,9.314259816847606288e+00,6.545069840158834751e-01
5.924274406913921709e+00,-6.220300113515935436e+01,3.428864417779959695e+01
-5.916364892771400719e+01,-1.620770713389152817e+01,2.371289734158946771e+01
1.188731746541021650e+00,9.404237597534066850e+00,1.600681362334928082e-01
-3.410357069613334602e+01,9.279039484574465035e+00,2.457444621701512233e+01
-6.055619576831221096e+00,9.482014146731732041e+00,3.095608899499492850e+01
-5.589312505429415978e+01,-1.947795307099150008e+01,4.187748585543888069e+00
9.631276527354087236e+00,-7.463841587929916699e+00,1.467353306367476939e+01
9.409079487025193700e+00,8.234211001166638511e+00,1.350419189299231171e+01
-5.174400977590261164e+01,-2.247039543558397767e+01,2.302220852254492911e+01
2.127717660422858259e+00,9.573996348843433424e+00,2.528932955744883770e+01
-3.418625038151719764e+01,9.275299830880083363e+00,1.803543271451630403e+01
-1.787471057484994574e+00,9.467474770303116571e+00,1.248544364314968114e+01
9.462593628201771523e+00,6.990939297329649804e+00,1.999172662028934155e+01
-1.635788655552181581e+01,-5.980713799962313715e+01,3.689584441145088434e+00
5.541368456346502214e+00,-6.463165338939086269e+01,2.804387650593184844e+01
-6.062365240389473797e+01,7.025076115423221523e+00,2.384829053125540099e+01
9.272633520236864157e+00,-3.307983042622412029e+01,2.752190180497115080e+01
9.556881463096940976e+00,5.958420371665223314e+00,1.375487275332403847e+01
3.438816558676647261e+00,-6.895325798367578329e+01,3.453266257912707715e+01
7.708637524238637795e+00,9.604453862600163205e+00,1.940997986953289001e+01
-6.906114896528575287e+01,-5.046566472785396940e+00,1.706065905054120435e+01
-1.672009457599729743e+00,9.716463037850271434e+00,2.519455504573747362e+01
-3.760808895404312580e+01,1.049804980018888401e+01,5.974415813765633132e+00
-6.335368362896232952e+01,-1.147349006962867790e+01,1.697485050185844102e+01
7.003923347043267356e+00,-6.022375846797518761e+01,9.044318014296779396e+00
-3.166792956209224030e+01,-4.319364191219207783e+01,2.886505930184898716e+01
-1.921599978401837916e+01,9.540139468498519904e+00,1.210348731922351995e+01
9.110088023266113666e+00,8.934883065934744906e+00,1.970677366228130722e+01
1.058764880242574513e+01,-4.202273533260671456e+01,9.148058617941519088e-01
7.155031486842288402e+00,9.590112179191866204e+00,6.740575510320100605e+00
4.097342025612645600e+00,-6.812719700367608766e+01,2.179618905824816011e+01
9.451204791423547746e+00,-2.926368803380480443e+00,1.661084513588180656e+00
7.894086849681910323e+00,-5.161849928145937838e+01,8.937521196837851178e+00
9.678382419930583680e+00,-1.914772971740113050e+01,7.960477940480503278e+00
7.662951213770183401e+00,9.500751119461508409e+00,2.566009733921998759e+01
9.395739980791715240e+00,7.385018662015514934e+00,7.344164205899291531e+00
1.564400757129929431e+00,-7.043442199302086237e+01,3.129958713244151980e+00
9.351009047344744474e+00,-6.203351978647429377e+00,2.063762882389630704e+01
-1.633926607573911838e+01,9.687599797609703245e+00,3.100202537591627561e+01
1.570878515320650592e-02,-7.087637162141970748e+01,3.166661411504607671e+00
-7.081628993436726205e+01,2.270209783565203310e+00,2.363710823539008743e+01
-7.091407529317987724e+01,4.127059263964873992e-01,2.993374225361588969e+01
-2.891682746465633613e+01,9.444192315998417797e+00,1.824944595918766765e+01
-4.966238412750308839e+01,8.435660150024308024e+00,1.794206624511485870e+01
9.582487323846832439e+00,5.009996908543318028e+00,3.272531872630918315e+01
9.545746055087759530e+00,-1.593765367446128423e+01,2.715519064337132704e+01
-7.069166574618196819e+01,-1.272386379639637966e+00,1.109023582950547571e+01
9.536649287945463627e+00,-1.854277230799709386e+01,3.357667598966440892e+01
9.364120053423787837e+00,-3.629954090697542313e+01,3.375393381482967925e+01
9.689093741657641701e+00,-2.019628887266275896e+01,8.023964762288388286e+00
7.292718796749680266e+00,9.579411607370342807e+00,6.753402409170833565e+00
9.393770460446885906e+00,7.345041945360993196e+00,7.351996668329492834e+00
-5.946751089486072672e+00,9.498810783531208557e+00,1.232126216721396084e+01
-6.006558693680923966e+01,6.869684610667565750e+00,5.049671126642765628e+00
4.560081834644618581e+00,-6.701195804762143382e+01,3.450267548240515225e+01
8.206161395104912160e+00,-5.258181362707966855e+01,1.515630090996887880e+01
9.703953427723716274e+00,-5.928528472908958236e-01,2.660819845645391979e+01
9.176811700403446181e+00,8.682835488171487981e+00,7.124640796088472783e+00
-7.391655105327590292e-01,-7.061659085583382023e+01,3.470840430011935496e+01
-5.214705989230078842e+01,7.951394565341548315e+00,1.146803573527209785e+01
-6.176152321597558625e+01,-1.351784559092406468e+01,1.044560172764656336e+01
9.001063126128199698e+00,-3.703254137304632820e+01,2.129512959081171175e+01
9.315353058697523281e+00,8.012612721607997202e+00,7.243659498805358865e+00
9.521053436709904005e+00,-3.378027899120649380e+00,7.916484152072174041e+00
9.713050292337866765e+00,-6.636819190004779045e-01,7.959757950349400701e+00
-1.493407502395058550e+01,-6.128748983058659405e+01,3.698152129474125971e+00
-4.391049429491774347e+00,9.621512373932379347e+00,1.885438045620318803e+01
-6.390162577406704258e+01,-1.111520395006652606e+01,4.354831258169811647e+00
-2.221011164999947596e+01,9.589211343414628885e+00,5.744138831193241757e+00
-5.872451617827263703e+01,-1.632539131420119460e+01,1.072065664262527385e+01
-4.162667875545141172e+00,-6.926724245748172848e+01,1.552587105793065980e+01
-2.642597139864005840e+01,9.358949405595975435e+00,1.186014238599213577e+01
9.289163097633432287e+00,-8.920247879010982928e+00,2.708467712092067359e+01
9.482362096850435407e+00,7.188250925501105115e+00,3.239925631960429087e+01
8.027773581130928093e+00,9.526874204751674569e+00,4.780362901059636016e-01
8.910712069225438015e+00,9.153687932915541836e+00,7.001473281968488394e+00
-3.635196628110546158e+01,9.373808619879799409e+00,3.050835022837949850e+01
8.077861417565257440e+00,-4.891914546519868168e+01,8.924805201201083449e+00
8.011590857598092086e+00,-4.967115400176217577e+01,8.938119549961642818e+00
8.873039438679596103e+00,9.414667790388843827e+00,3.208322067243818765e+01
8.226373136320232149e+00,-5.107346216017043616e+01,2.596571271557822413e+00
5.495908324254484612e+00,9.785044562153768055e+00,3.180314022124716189e+01
7.245547614848645068e+00,-5.620507358460818637e+01,3.379824641479831371e+01
9.296338716422324566e+00,-2.396697200746228518e+01,2.728565473885316806e+01
-1.418062100059256814e+01,9.593741483350488153e+00,3.113601516075667064e+01
5.867533019971572728e+00,-6.376061282550550402e+01,2.801306523258278958e+01
9.082867595687387663e+00,-3.070012127760734799e+01,1.478213027339438845e+01
9.166040016707084348e+00,-1.182929794111261046e+01,2.710524254203545524e+01
2.452329606312542154e-01,9.240099736350646964e+00,6.379205070538590761e+00
-3.162093098024065796e-02,9.633114117713507341e+00,1.262003053822199838e+01
-2.411896637173390445e+01,-5.026173088854804405e+01,2.902607090739638807e+01
9.553822395864612460e+00,-1.560726264122163087e+00,2.023770077889014374e+01
9.416500361037718037e+00,-3.267454900173184740e+01,2.130117412907958396e+01
-3.825860729054559783e+01,-3.627237246190321684e+01,1.005632390170319646e+01
7.746820495816903573e+00,-5.581254006686562263e+01,2.798269522495161254e+01
3.705432956246651699e+00,9.440086886013748568e+00,1.902685282832871394e+01
9.574213053950471064e+00,4.439919303599037192e+00,3.279750446329023816e+01
-4.422999573424868913e+01,-3.362543048827635062e+01,2.357115536554630353e+01
-1.054910785557302866e+01,-6.557404078281317084e+01,1.504235773542160537e+01
-3.612531176341526873e-02,9.564350105651381995e+00,3.142707618320039842e+01
-7.066634520104372541e+01,-1.019585375559341145e+00,4.587336561746583996e+00
-6.735239258172805421e+01,-7.812720957285147705e+00,1.674114764070816364e+01
2.838307850553972500e+00,-6.958581402072057642e+01,3.453585833209001521e+01
9.543611101687217158e+00,3.844672060752106546e+00,7.741526583278700357e+00
9.243114285698565524e+00,8.454246503749924813e+00,7.166888902054582289e+00
8.231087093929088994e+00,-5.224482301020941577e+01,1.514022817680779731e+01
-7.003800597107800741e+01,3.294529347825776000e+00,2.357174961444150085e+01
9.570653809990231409e+00,-9.747075748178524179e-01,2.019014540062332230e+01
-1.599189387162505405e+01,-5.925196109589789728e+01,3.502630118940624016e+01
9.893110580701414136e-01,-7.024973028507105255e+01,2.195966121216827105e+01
9.395788064620260727e+00,7.540072185093823265e+00,2.621223590600396847e+01
-4.918064959430145677e+01,8.461212404763667649e+00,1.792230256622832485e+01
9.480473718740027422e+00,-2.413264805118867784e+01,3.332090883245246005e+01
8.510245659322320577e+00,-4.377612469904717329e+01,2.134870111108841684e+01
8.763421427262754193e+00,-4.667148992264179697e+01,3.437162350836968017e+01
2.015634146322552667e+00,-6.966239971867130976e+01,2.199413135394036090e+01
6.380244625702514938e+00,-6.242667603136428056e+01,1.540198711441064638e+01
-3.704654517845196438e+01,9.315843334954383437e+00,3.041559939678731439e+01
9.125385328823311326e+00,8.970435658110975652e+00,8.143117445552849887e-01
6.412708267446616262e+00,9.502774677115763069e+00,1.289501155662571996e+01
9.533486240270859113e+00,-3.110596926215091429e+00,2.680030555118804614e+01
9.618090840337172764e+00,-6.328458101561206917e+00,2.685757535497768345e+01
9.186288069400147194e+00,8.634988950912504180e+00,7.130225763127102212e+00
-3.158563817695710441e+01,9.317528814493758915e+00,1.813059856150891846e+01
-1.078940549955962247e+01,-6.453769967795044238e+01,2.860607296531497923e+01
8.900904532929670765e+00,9.157114558899845491e+00,6.997416691235345709e+00
5.752889574152275642e+00,-6.304281379734267432e+01,3.439983561405927048e+01
-2.162533215224692640e+01,9.526546091685158757e+00,2.468526892328553402e+01
9.721491016847606303e+00,-9.629655199542064281e-01,7.971489074912826212e+00
-3.235498976539133764e+01,-4.238486629944367223e+01,1.622028981389374280e+01
9.494835475439513672e+00,-7.652982662905014166e+00,2.066059001057158184e+01
-4.442334109819131527e+01,-3.074491056226284158e+01,1.022006462147942507e+01
-7.068768965111814850e+01,5.946756588353743211e-01,1.734235889175724310e+01
1.097476090421468875e+01,-4.055034226947077514e+01,9.192618920753279355e-01
-3.894822893676635545e+01,9.139092412828173195e+00,3.032928471855788644e+01
9.523486308565166425e+00,-2.314437789496945896e+00,2.030102400358526893e+01
9.637281302317289189e+00,1.812964074862694730e+00,2.027205046365406815e+01
-6.923070742082674656e+01,3.117843348308600326e+00,1.095806974046746696e+01
1.763263440602512944e+00,9.680562151547977834e+00,1.267876297540753860e+01
-5.759183436428431335e+00,-6.787780350620566594e+01,2.835047778809121155e+01
-5.586610437693678932e+01,-2.016684806390918183e+01,2.270963449442166393e+01
-4.885232408039632901e+01,-2.504031237997676484e+01,2.277158106836489537e+01
-1.660807233040715758e+00,-7.125861663130558554e+01,2.176589391347374658e+01
-7.071038705799495006e+01,-1.448984446458577935e+00,2.339469017360104885e+01
9.530164011310487737e+00,-3.110523428451624994e+00,2.679996420570788018e+01
-2.912574912019803719e+01,9.424166869126356261e+00,1.823696951263775645e+01
9.544841999208982131e+00,5.699677586023948805e+00,3.262384429808770392e+01
-6.431461773784237224e+00,9.561307072965828269e+00,1.235738735387632126e+01
5.803804724956505012e+00,-6.408959391482403589e+01,2.873177801872857984e+00
6.044071816491621618e+00,-6.344217964976860458e+01,1.540596462182054616e+01
9.490377563423150420e+00,6.750868278757966578e+00,3.246040568080044864e+01
-6.776996525893073908e+01,-7.007489787025928507e+00,2.357784092159053557e+01
-1.036635742491049150e+01,9.693271916046047210e+00,1.234250386857856263e+01
-2.000815785325625029e+01,9.928499257738298667e+00,3.113266768468827195e+01
-6.060028113360914404e+01,7.468466388390996968e+00,1.161525044766915649e+01
-2.401672052576665806e+01,1.016416284626865618e+01,3.111420032369824185e+01
-5.173738108943697966e+01,-2.313960832869824102e+01,1.048107060942916924e+01
-5.059870753372427998e+01,-2.339795601778792999e+01,2.296430283071558165e+01
9.127865552298770169e+00,-2.884136221885523454e+01,1.473229568355213992e+01
-2.963886397501970293e+01,9.198809129793804829e+00,5.187392410712279300e+00
7.273889131767615979e+00,9.883388431286501685e+00,3.190839733350438223e+01
6.909584727049631780e+00,9.495104867163231432e+00,1.292058428191654862e+01
-2.111286595641951180e+01,-5.339162470808113881e+01,2.284565136172517441e+01
-1.574131570434548344e+01,-5.903523239880718165e+01,9.888463805322972533e+00
-3.021516235764812564e+01,-4.458949837873061028e+01,3.901174402530758201e+00
-6.375723253880590846e+01,-1.134925354126812280e+01,2.955656095323766408e+01
7.204643699574146964e+00,-5.840657238010564356e+01,2.174458045911887893e+01
-4.483845903315655690e+00,9.336449242362444778e+00,1.229006960858100861e+01
9.481072442735465344e+00,6.057563639903829511e+00,2.634666799928334058e+01
9.801693296790118026e+00,-9.883610131490268458e+00,8.274064952170990139e+00
1.974268025446745511e+00,9.477422306546007036e+00,6.447381648061709214e+00
8.323688936387666715e+00,-4.972087940241823389e+01,2.564061573281039230e+00
-1.122923990324017218e+01,-6.369257612642110189e+01,3.611399200274520993e+00
-7.018405967280932600e+01,-2.481798122246257066e+00,4.599407976110997609e+00
4.282968893744167005e+00,-6.796635272737319156e+01,9.254172965559407160e+00
9.515848175275946730e+00,-2.495323121073937145e+01,3.325067204530546405e+01
9.572436874599985046e+00,-1.779169078659637293e+01,2.069902778353340977e+01
-3.926335568722194580e+01,-3.526772777855032359e+01,1.644420755648386034e+01
9.448788480473607976e+00,2.605664592335312335e+00,3.281944567046502925e+01
9.321945645964659022e+00,-2.942913145121184115e+01,2.727767321626924968e+01
9.533372240540613163e+00,4.064644700329250071e+00,2.653142318151361678e+01
-5.657529143121367454e+00,9.667705396301496279e+00,1.879713165406535325e+01
9.547112780109555885e+00,-1.866106118419244453e+01,3.357611372056851451e+01
-2.197730499336074672e+01,9.251380953970159027e+00,1.831106270555754634e+01
-6.619890331030819652e+01,5.521944853904688699e+00,4.963412180358561798e+00
-7.075430782958932241e+01,2.415360938131325241e+00,2.363604920805957477e+01
-5.335157616979211070e+01,-2.119248674489643847e+01,2.924883930340050142e+01
9.546395999255365084e+00,4.064945981264035169e+00,7.741244333127527355e+00
-4.606900954562672723e+01,-2.922292531376610825e+01,2.310950404578863981e+01
9.534093668787191334e+00,5.616033121099700764e+00,1.256932320674154724e+00
-1.364545905027634554e+01,9.380605023234007689e+00,5.943424257837323310e+00
-5.942573864163836106e+01,8.275325903683064865e+00,1.190389415884598812e+01
5.000614117568259687e+00,-6.598794520600152680e+01,2.810440390768906127e+01
-4.488134718262786649e+00,9.621662444887316923e+00,1.884886523774534339e+01
6.211201560966086888e+00,-6.280734310151132149e+01,2.828098999911732747e+00
9.498350084728256704e+00,1.598565746005416344e+00,3.280328282359215564e+01
9.518475609835489237e+00,1.387842900586019113e+00,3.280557304050554990e+01
8.852452647244772876e+00,9.267626655809866776e+00,1.325309163127426082e+01
9.681260693986983412e+00,-9.595594191210874868e+00,1.596626756332570451e+00
-6.861973669871176185e+01,4.041054890280310730e+00,4.901113093150202715e+00
-6.403571338426155535e+01,5.545790945116511494e+00,3.029223203568469103e+01
9.553803722391817743e+00,5.542137799390662423e+00,3.264761654319264039e+01
9.281976785948215181e+00,8.280416912911260141e+00,2.606934126357202786e+01
9.434673119131529617e+00,8.212674975725402504e+00,9.963418880382466369e-01
-3.945550391114354127e+00,-6.974303407004316568e+01,3.201976571386667914e+00
-6.591725197749568110e+01,-8.561755388587283022e+00,1.096516352158960395e+01
-7.080717002329481602e+01,1.879591533954215521e+00,4.806189726294151754e+00
-1.185387404350280072e+01,9.477138945084288224e+00,3.126555024675931804e+01
9.640816501095597957e+00,-1.883773279045907856e+00,1.415288736590622598e+01
5.191297674906506288e+00,-6.574354367728045645e+01,2.924629352669997573e+00
9.419255559251068277e+00,7.251822985474579042e+00,7.365949095070392971e+00
9.451782156286524739e+00,-3.266020287954098933e+01,3.373865791439749273e+01
9.238692169640328800e+00,-3.207900257639498420e+01,2.737509241213399491e+01
-2.149983143415775544e+01,9.276632191624653245e+00,1.829568346192498041e+01
-2.297806624093908567e+01,9.573178347150996359e+00,5.708996661250226978e+00
-2.189230890008423103e+01,1.010311061343289296e+01,3.118462540968980079e+01
1.686849222240310198e+00,-7.041380104000708684e+01,1.562984583414902495e+01
-4.350007159970063597e+00,9.340678735864781146e+00,1.229356422294475415e+01
-3.138817449728185238e+01,9.500252191893086007e+00,3.089093633091047764e+01
9.011806113806128948e+00,9.128951902631772697e+00,1.331051932981296382e+01
-2.264821009673005392e+01,-5.257170523124494821e+01,9.829171424494008491e+00
7.786088272778270536e+00,9.478256986807462425e+00,2.567671697129816266e+01
-1.987459980344698351e+01,-5.509465580833858667e+01,1.636032478072110052e+01
-1.461849754859622585e+01,9.391644306786314900e+00,5.926418259293841473e+00
-9.010331930892352403e-01,-7.055852395578065739e+01,9.379933610107061170e+00
9.454301432373851455e+00,7.906054836513146000e+00,1.355349289578561134e+01
9.576576135223971775e+00,-4.598402559694388714e+00,7.998914505702915179e+00
9.370321323894584609e+00,7.857436195751784425e+00,2.615901280204383283e+01
-1.009713801227010954e+01,9.515079980786797620e+00,6.133172169622683967e+00
9.501975585220348464e+00,6.285668139702099921e+00,3.253250388271334259e+01
-7.087111656072559640e+01,9.717281624478850688e-01,3.011505650991401239e+01
-5.004153619866343661e+01,8.422815094217941834e+00,1.795368337704309170e+01
9.334867612229741596e+00,8.065454776364941125e+00,2.611814730039927213e+01
6.594213290245049208e+00,9.490951687046713658e+00,1.290093900364547785e+01
-2.636905507745402133e+01,9.178395437360766351e+00,2.444382650969772897e+01
-7.069203311420758951e+01,2.543930662954206667e+00,2.363335892384216663e+01
9.498087846264722245e+00,-3.483897242369604186e+00,2.041478619494318991e+01
9.402454680480074600e+00,7.618259438914972037e+00,2.620026469934060742e+01
-6.903392722814476201e+01,-5.221496377437343739e+00,2.985907063933370864e+01
2.333795170252185969e+00,-6.999144855122065678e+01,3.454936510963625551e+01
9.626116473372375637e+00,-2.196142718811238126e-01,1.410197822943257684e+01
9.534043144047158691e+00,3.596964526813092533e+00,2.659110111775223118e+01
6.099769455778782046e+00,-6.317429153914048356e+01,2.841407033470916943e+00
-3.426933900841506286e+00,-6.961270267404600531e+01,9.620221244411029105e+00
9.559550407099036917e+00,4.667732768226169782e+00,1.338010772327224984e+00
-2.261504275158540622e+01,-5.262308079923593596e+01,9.822225262635813081e+00
6.631076792047263524e-01,9.550092309217671271e+00,3.147614539937362110e+01
-1.943446769754285697e+01,-5.562552965312872288e+01,1.635509991302541266e+01
-2.373101328546001199e+00,9.664636515724669863e+00,2.514054949093167579e+01
9.799583276062717729e+00,-1.084563584586988938e+01,2.057708801834868950e+01
-2.292902009545374042e+00,9.572609707073841179e+00,1.890526503995158691e+01
-1.761112391216533979e+01,9.622111476747686964e+00,2.464586208262588229e+01
9.723681805115004906e+00,-1.153921943264176520e+00,7.973887628836139996e+00
-2.994115618128722645e+01,9.456401557741937580e+00,3.084680863694390496e+01
9.098444438825479708e+00,-3.412660303378930848e+01,8.384521108307980697e+00
-6.915221546980140488e+01,-4.770333594193512994e+00,1.707480299950637459e+01
9.155725211713614087e+00,-3.492368575224654137e+01,2.753152973470162124e+01
9.716619360566367547e+00,-1.672975530054473481e+01,1.456007777301616279e+01
9.426371211623516544e+00,-2.165452104220748808e+01,1.471665599530610002e+01
-1.666244845510198047e+01,-5.837580742491016395e+01,2.239489736287112009e+01
3.169852124761062484e+00,9.628702369218476775e+00,1.270522235699586311e+01
-7.038728155181897250e+01,-1.364293416140125004e+00,1.720662513074097433e+01
9.105824451111685036e+00,-3.512710195918475620e+01,8.341134696873725218e+00
3.083413223695229632e+00,9.476948697385243037e+00,2.531437163922697664e+01
-6.979797751016309348e+01,-3.827173178116876073e+00,1.079752836139488359e+01
1.011223480823616505e+01,-1.206277803947497418e+01,1.479756554237676092e+01
-1.489462393013839758e+00,9.725128089820227473e+00,2.520311415761332796e+01
-2.568376899155464343e+01,9.449299214783781764e+00,5.519209471254741928e+00
5.387142218011602424e+00,9.445786342843970118e+00,2.978662070528077521e-01
3.809073974541773211e+00,-6.846800342444835508e+01,2.813643975250079166e+01
-6.788169055834842425e+01,4.510363372787626446e+00,1.118919793833507192e+01
