9.104359436035157,8.85517177581787,19.61543388366699
9.364141273498536,-36.23004989624023,33.74721221923828
9.589717292785645,5.304133033752441,20.13193283081055
-14.187154197692871,9.458369636535645,24.624883270263673
-49.085192108154295,8.09882411956787,30.542095565795897
9.237070274353027,8.903846931457519,13.297276496887207
9.458616638183594,8.334746170043946,13.405220031738281
8.255766868591309,9.438014602661132,6.774516296386719
4.791106224060059,9.590134048461914,6.408046245574951
-38.452056884765625,8.954899787902832,24.264135360717773
5.72503776550293,9.547010040283203,12.809755516052245
8.615230560302734,-46.41917724609375,14.996149063110352
-11.681142234802246,-63.2905517578125,16.05304889678955
-23.781968307495116,-51.42116928100586,9.995268630981446
-69.00915832519532,-4.685913467407227,4.727531814575196
9.64100685119629,-15.90116024017334,7.820043754577637
-7.137793159484863,-68.43343200683594,9.1344633102417
9.607595062255859,-28.557294845581055,33.31169128417969
9.628914642333985,6.79217529296875,13.61793785095215
7.980388641357422,-54.14977035522461,15.074792671203614
7.138443565368652,-58.53616561889648,2.7550296783447266
9.640780830383301,-25.94112548828125,20.988874435424805
-48.743186950683594,7.990841007232666,24.16090545654297
-70.45575256347657,-1.417150855064392,17.130633926391603
6.086014366149902,-62.67842254638672,2.863458204269409
9.776405906677246,-5.5173266410827635,8.002448749542236
8.015478706359863,-53.67821350097656,2.567707347869873
4.997044849395752,-65.85777893066407,28.068444061279298
9.701901245117188,-4.685306739807129,7.9381616592407225
9.323678398132325,8.23217601776123,26.044010162353516
9.398277473449706,-5.702594566345215,20.664786529541015
4.6110429763793945,9.587739372253418,6.394539833068848
5.243924713134765,9.375396728515625,0.20221195220947266
-5.54124813079834,-68.43845672607422,15.447933578491211
-63.85498962402344,-11.333903884887695,29.553549575805665
-10.341634368896484,-64.99944305419922,28.589537048339842
5.964343929290772,-60.87779083251953,34.1152946472168
-55.265550994873045,-19.97471351623535,16.804923248291015
1.7627768039703369,-70.29078979492188,34.597310638427736
6.8316446304321286,-60.55833053588867,8.927812004089356
-68.47965698242187,4.031255912780762,11.012186622619629
0.4770169734954834,9.437295532226562,18.66918029785156
3.202907371520996,-69.32033996582031,9.320928382873536
7.309588432312012,9.603125381469727,19.30413475036621
6.878154373168945,-60.43811264038086,15.303855705261231
7.395796012878418,9.88165340423584,31.89481315612793
-1.034152865409851,-70.5828628540039,9.288405799865723
2.375991439819336,9.663542938232421,12.645919799804688
5.875133514404297,9.432493591308594,0.2019205093383789
7.880489921569824,-52.58765869140625,27.682699584960936
-70.78869934082032,2.074480485916138,23.5201473236084
-40.19308166503906,-34.69505767822265,16.245114898681642
-54.996682739257814,-20.192212677001955,4.232832336425782
-65.26125946044922,5.3922727584838865,17.48634033203125
-1.0224707126617432,9.465762519836426,18.73188133239746
4.691952705383301,9.58824806213379,6.399974250793457
9.14214210510254,-35.3889045715332,8.369818878173827
9.632301712036133,0.39626274108886717,1.4557307720184327
4.480627346038818,-67.51783447265625,9.181136512756348
-47.548281860351565,8.333623504638672,11.53958854675293
5.821800899505615,-61.677099609375,34.234273529052736
5.675524616241455,-64.04109802246094,2.8954092025756837
9.239467239379882,-35.56924591064453,21.20228271484375
9.554442214965821,6.952097320556641,1.1260479927062987
-39.65213470458984,-34.87040557861328,4.00057463645935
-30.142719268798828,-44.82940521240234,10.024475288391113
5.30598258972168,-65.18912658691406,15.390257644653321
-41.677938842773436,-39.111002349853514,23.66994514465332
9.618168830871582,2.5409215450286866,1.316666340827942
-38.19091949462891,8.981940650939942,24.291673278808595
-58.568024444580075,7.365533256530762,17.63971290588379
9.791627502441406,-14.12525463104248,20.517754745483398
8.043176746368408,-49.05928115844726,8.81490592956543
-3.1857721328735353,9.66920051574707,25.058172988891602
7.577950286865234,9.541741943359375,6.691419506072998
-68.55979766845704,4.658946132659912,16.98775634765625
9.606483459472656,-6.040063381195068,26.76796951293945
-23.908155059814455,-51.26648483276367,10.009510040283203
9.572554969787598,-8.20230598449707,14.5467529296875
8.852286911010742,-23.080883026123047,2.2512601375579835
-61.49137802124024,6.608103179931641,17.557824325561523
-61.26152648925781,-13.99045009613037,4.2309691429138185
9.563685607910156,4.725507164001465,7.610532474517822
9.091497611999511,8.856172943115235,7.007949352264404
9.32471160888672,8.139838981628419,19.72930908203125
-68.70508728027343,3.9870064735412596,30.184593963623048
-32.17422714233398,-42.43679428100586,16.241787719726563
7.001942253112793,9.538796424865723,0.2717155456542969
9.594682121276856,-3.1368057250976564,26.841908264160157
-17.017267990112305,-58.77364730834961,3.680829477310181
-18.990175628662108,9.569806671142578,24.683908462524414
8.511748123168946,-46.88159255981445,21.139794158935548
-63.68408203125,-11.312226104736329,4.327260112762451
-54.46642227172852,7.706857299804687,5.275453186035156
-37.73332214355469,9.283146286010743,17.877457427978516
-1.0899747848510741,9.781454086303711,25.227192306518553
4.973074722290039,-66.83447723388672,21.668414306640624
9.918084907531739,-6.470078754425049,1.6438948392868042
-64.95650482177734,5.553630828857422,17.529539489746092
2.521528625488281,-70.15101776123046,28.12421875
8.161675834655762,9.74649772644043,31.950262832641602
9.49085350036621,-16.252643585205078,1.732381319999695
9.524212074279784,3.624938440322876,13.970873260498047
-7.3057169914245605,-67.23827667236328,28.415800094604492
1.7461305618286134,-70.54387512207032,15.54051570892334
10.04863624572754,-32.41410522460937,1.7570996522903441
9.547100067138672,6.919053459167481,1.1273127794265747
-51.0301025390625,-23.06165771484375,22.959535980224608
-70.06824188232422,-2.8081111907958984,4.584665107727051
-8.312433433532714,9.64382266998291,6.124724674224853
-65.03649139404297,5.247072410583496,30.290628814697264
9.685176277160645,-12.488922500610352,8.157869338989258
9.63243408203125,6.798574638366699,13.617065238952637
-70.75383148193359,1.5178375720977784,4.701611709594727
4.98109655380249,9.356628799438477,0.2059325695037842
-61.93144912719727,-13.3268217086792,4.2440893173217775
0.4555994510650635,9.228349685668945,6.37610273361206
9.624920463562011,0.1043461799621582,7.868217849731446
-25.08158645629883,-49.71938552856445,22.453039932250977
9.653041458129882,0.726322603225708,1.43895525932312
-54.53139114379883,7.593837547302246,23.945375442504883
8.807683944702148,-42.101173400878906,14.709694480895996
-7.531278324127197,9.712435913085937,18.684889602661134
-66.6109603881836,5.392524909973145,23.71610221862793
2.1457048416137696,-70.22143249511718,15.57289161682129
5.320785427093506,-65.07754974365234,28.013197708129884
-9.969067573547363,9.650979042053223,18.580480575561523
9.429681205749512,2.84159779548645,7.6813740730285645
6.849992370605468,-59.80607223510742,2.7922004222869874
9.61307888031006,3.348451089859009,1.2972973823547362
9.661005210876464,-16.04459629058838,20.543952178955077
-69.28452606201172,-5.030341339111328,16.948101043701172
8.30557689666748,9.512015914916992,19.439184951782227
2.8103753089904786,9.532804489135742,31.586750030517578
-26.133348083496095,-48.87118759155273,9.91327724456787
8.734100532531738,9.510430145263673,32.02242012023926
-46.8360481262207,8.181399154663087,24.213193893432617
-68.90375518798828,-4.8634943008422855,4.719031810760498
-56.57216033935547,7.412776184082031,5.175991535186768
-8.475133323669434,-66.5514633178711,34.81575164794922
-48.821448516845706,8.167154884338379,5.351006698608399
7.845434951782226,9.490760612487794,12.931891250610352
9.90631160736084,-8.32793731689453,8.302463722229003
-69.72771759033203,-3.6886425018310547,23.39261245727539
8.133107566833496,-52.67496032714844,2.5281519412994387
-61.94844055175781,-13.327183532714844,4.244306945800782
9.04714756011963,8.95196704864502,6.984097003936768
-29.64903030395508,9.391744041442871,30.88166732788086
-55.53812484741211,8.081226062774657,11.438955879211425
-70.41561584472656,-3.0958998680114744,10.8108154296875
-67.21817932128906,-8.271572875976563,23.808583450317382
9.474633979797364,6.7808074951171875,26.24090118408203
7.490340614318848,9.86671142578125,31.9000545501709
5.876767158508301,9.632489776611328,6.521266841888428
6.241209030151367,-59.520973205566406,33.96705627441406
9.364115142822266,-15.496880722045898,33.299825286865236
5.58654375076294,9.54825267791748,12.806779670715333
7.808430862426758,9.595202255249024,19.368543243408205
4.662832927703858,9.590994262695313,6.3974651336669925
-62.2694091796875,-12.831077384948731,10.44214744567871
-6.448337554931641,-67.68834075927734,28.35786590576172
-12.37040901184082,-62.399010467529294,16.129685974121095
9.42698860168457,6.938758468627929,7.2955272674560545
-18.12376480102539,9.804007148742675,31.04713134765625
-23.240621948242186,-51.49555358886719,29.02732162475586
6.976620674133301,-56.55117340087891,33.71662063598633
-65.33408050537109,5.85296859741211,11.192383766174316
-60.62093658447266,6.801619911193848,4.969521808624267
-67.49936370849609,4.714547061920166,4.825158023834229
-42.117730712890626,-32.82683486938477,29.01363296508789
-39.69622802734375,8.947443962097168,30.351896286010742
-67.541162109375,-7.175538635253906,10.597857093811035
-29.801895904541016,9.24023494720459,11.813392066955567
-41.58079528808594,-33.30206451416016,16.261262130737304
-16.91323890686035,-58.020233917236325,9.934698677062988
2.8822763442993162,9.64196949005127,12.652506256103516
-56.43247299194336,-18.833485794067382,16.667482376098633
9.623849487304687,-3.6335755348205567,33.05522842407227
9.465339088439942,3.267920732498169,7.673344516754151
-35.108953857421874,-39.695699310302736,9.984422492980958
7.649001121520996,-55.88693389892578,21.577618026733397
9.609835433959962,-26.15925064086914,8.316622161865235
-63.92098846435547,-11.24278621673584,29.54514045715332
-4.555868339538574,9.26174201965332,12.192661476135253
-21.778246688842774,-52.99052352905274,22.7443359375
5.943127632141113,-63.14613418579101,2.8743733406066894
-46.52859725952148,-28.305446243286134,3.9970669746398926
-9.097662162780761,-66.7073974609375,22.03957862854004
-13.596673202514648,-61.704811096191406,22.423823165893555
-61.438097381591795,-14.135017776489258,29.271046447753907
8.864505004882812,-40.91551971435547,14.59687843322754
9.058828163146973,-37.516998291015625,14.296250343322754
-27.431480407714844,-47.45523376464844,22.536861419677734
-70.794091796875,-0.3094926834106445,29.649382019042967
7.858914566040039,-54.3393196105957,21.49761848449707
9.635667610168458,1.4991872310638428,1.3811089754104615
9.556314277648926,4.912862491607666,7.591624546051025
-68.79975280761718,-6.000542545318604,16.824928283691406
8.831650733947754,9.293726921081543,13.157011795043946
-1.1400394916534424,9.783706855773925,25.226914978027345
8.27509880065918,-46.886582946777345,8.69995937347412
7.829205703735352,9.821222305297852,31.923000717163085
-70.0054443359375,-2.9555859565734863,4.605491828918457
-9.339611053466797,9.59412498474121,6.138066387176513
7.803423500061035,-54.683014678955075,21.514443588256835
3.464578056335449,9.584547233581542,31.64253959655762
-56.515875244140624,-18.654001998901368,10.48347339630127
-35.5335189819336,9.002432060241699,11.812786293029784
-13.382798004150391,9.417049407958984,5.885223293304444
-68.40699462890625,-6.350826930999756,10.479118728637696
9.397393798828125,-28.964593505859376,8.530590629577636
0.7577815532684327,-70.70128326416015,9.185614204406738
9.547711753845215,7.063404083251953,1.1206990957260132
-8.694778633117675,-66.19227447509766,9.635538673400879
8.915514373779297,9.230157852172852,13.18377742767334
4.418276596069336,-67.60332946777343,9.192081069946289
-30.44581184387207,-44.57482757568359,3.6975935459136964
-36.66384582519531,9.299325561523437,17.84476089477539
9.446599960327148,7.251237869262695,26.203977966308592
9.894792556762695,-8.586692237854004,8.311454963684081
9.217976951599121,8.56470012664795,19.66406135559082
5.146698760986328,9.568851852416993,12.788679313659667
-70.64986572265624,-1.1850282907485963,29.401264190673828
-31.549231719970702,-42.96971130371094,16.26769599914551
-70.75304260253907,-0.5935547590255738,29.559880828857423
-69.53333892822266,2.932794713973999,17.595075607299805
-29.65903549194336,9.260865783691406,11.809946632385254
9.45084457397461,1.639247465133667,32.72226181030273
9.23385238647461,8.759735298156738,0.9082050800323487
-52.00094223022461,7.735401153564453,23.964517974853514
0.8885875225067139,9.443521118164062,18.68440933227539
-23.031457901000977,9.233668518066406,11.855373001098632
7.803331756591797,9.503493881225586,6.716079139709473
-13.236892127990723,-62.408232879638675,28.419169235229493
-59.56808166503906,-15.993280029296875,29.47064208984375
-69.31752166748046,-4.170450019836426,4.731128692626953
-22.080410766601563,-52.76562347412109,22.69025535583496
-3.202902603149414,9.657439422607421,25.054185485839845
8.159602165222168,9.453475952148438,6.761944389343261
9.643725395202637,-1.139633584022522,14.085854721069335
-70.79031219482422,-1.723409104347229,11.020578193664551
1.5388810157775878,9.664891815185547,12.638315391540527
-41.43645095825195,-33.260955047607425,10.256319046020508
9.310335540771485,7.896374130249024,7.161933135986328
-65.97424774169922,5.5688316345214846,4.846526432037353
-26.31372413635254,-48.6937873840332,9.900190544128417
9.26026954650879,-35.42443008422852,21.202501678466795
-70.97407531738281,0.2665257930755615,23.30328712463379
-55.49039001464844,7.541902923583985,23.95452003479004
9.241555404663085,-21.284317016601562,26.811618423461915
-5.090691471099854,9.591603088378907,18.766534042358398
-15.901363563537597,9.449872589111328,5.8252363204956055
9.93333168029785,-12.315001106262207,14.66794948577881
9.271481323242188,-35.325994873046874,21.202001571655273
7.85136604309082,-55.0840087890625,15.089046287536622
3.3717827796936035,-68.7388931274414,15.539888763427735
-25.958819580078124,-49.40121688842773,16.485890579223632
0.2718837738037109,9.70693588256836,25.22433090209961
9.13529167175293,-12.03420295715332,27.002658462524415
8.871966552734374,-38.90004196166992,21.164661407470703
-9.637904930114747,9.437705039978027,30.9646354675293
2.4852792739868166,-70.01749725341797,9.291065979003907
9.679012298583984,-1.027248215675354,26.677719497680663
5.526691818237305,9.568210792541503,12.805829429626465
9.364293098449707,8.059044647216798,26.080655670166017
9.132681083679199,-9.452881240844727,26.94523468017578
-39.02041473388672,-35.577790069580075,3.935387945175171
-12.086890029907227,9.45309238433838,5.989152812957764
-45.25300979614258,-30.15168228149414,23.110730361938476
6.656548309326172,9.578582000732421,19.220159912109374
7.367686080932617,-57.578992462158205,8.931292533874512
9.25882453918457,-12.929570388793945,27.046030807495118
-49.83178024291992,-24.06686935424805,22.873653411865234
-64.7786148071289,-10.246049118041991,29.46873207092285
2.1087140083312987,9.412317085266114,18.782741928100585
-33.83401870727539,9.24074764251709,17.983287048339843
9.696194839477538,-22.40629463195801,8.032796955108642
1.2062417030334474,-71.19451599121093,28.10829963684082
5.646761703491211,-62.79799346923828,34.409848022460935
7.852950668334961,-51.95925369262695,8.890412902832031
9.688018798828125,-12.842157554626464,8.153691482543945
-21.487732315063475,9.322713279724121,11.905556869506835
-36.815250396728516,-37.83603286743164,29.04746322631836
-70.29739227294922,-2.3542487144470217,29.30083885192871
5.799911403656006,9.424500465393066,0.20111522674560547
-70.99821472167969,0.9096949577331543,23.394034576416015
-36.978058624267575,-37.59596939086914,29.11338233947754
-51.991800689697264,7.7289173126220705,23.96614799499512
9.580383110046387,0.4982095241546631,32.742052459716795
9.9011661529541,-12.477653312683106,1.5722812175750733
-11.133474731445313,-67.64825286865235,21.416329193115235
9.211616897583008,8.605519866943359,19.656787109375
-70.58566589355469,-1.4490938663482666,29.350035858154296
8.42619342803955,-49.74775009155273,14.993123054504395
9.166936874389648,9.007127380371093,13.2694730758667
4.780996990203858,9.452967643737793,19.011246490478516
9.505716323852539,-22.220849990844727,20.883334732055665
-64.52707061767578,-10.523559951782227,29.485210418701172
9.512811470031739,-25.275925827026366,33.136148834228514
7.541451454162598,9.85976448059082,31.902973937988282
6.395114326477051,9.567109680175781,25.416413879394533
7.322057723999023,-57.670065307617186,2.7264922142028807
9.483999061584473,7.8861284255981445,32.271949768066406
-1.7583692073822021,9.2690824508667,6.306484794616699
-21.10157356262207,-54.594268035888675,9.66146354675293
-11.988961791992187,9.547035026550294,12.301262855529785
9.343053436279297,-29.97902717590332,14.426950454711914
9.643455505371094,-5.283105182647705,26.841220474243165
-70.58760833740234,-2.6365236759185793,10.902568244934082
-25.58284111022949,-49.18970947265625,22.4648681640625
-25.52696990966797,-50.01215744018555,16.22764015197754
4.375491428375244,9.460333824157715,25.275260543823244
9.244312286376953,8.512262916564941,25.978291320800782
9.453951263427735,-32.77402572631836,21.171833801269532
3.2102353096008303,-68.97727966308594,15.560139465332032
8.438607978820801,9.391819953918457,0.572308087348938
6.159660339355469,-62.95711059570313,15.389028358459473
-15.583236122131348,-59.68643493652344,15.76207160949707
9.591959190368652,-0.4489027500152588,20.163533401489257
-63.04265670776367,-11.735011672973632,10.604221725463868
8.833264541625976,9.14180965423584,25.80575523376465
9.606902122497559,4.145058917999267,32.796095275878905
0.8668203830718995,-71.29649200439454,28.133719635009765
-70.82122192382812,0.17879209518432618,29.810762405395508
-10.879442024230958,9.59753475189209,24.770609664916993
9.152670669555665,8.889685821533202,0.8624091863632202
9.558559799194336,5.590963745117188,1.1953230857849122
-11.93209228515625,-62.96111373901367,16.089559936523436
-44.92426528930664,-30.018263626098634,16.395264434814454
-9.600052833557129,-69.64560089111328,13.633926391601562
-55.851532745361325,7.726704788208008,17.638542556762694
9.914553260803222,-11.972354698181153,1.5655549049377442
-27.902579498291015,9.512798881530761,30.913128280639647
7.906382465362549,-54.490830993652345,2.600992298126221
9.599769783020019,-25.301107788085936,20.935710525512697
9.49606704711914,-21.44715232849121,33.46788024902344
0.8128756999969482,-70.58111724853515,34.658843231201175
8.800729942321777,9.228257179260254,6.893772411346435
-3.759592151641846,9.605243682861328,24.97993583679199
-15.07143325805664,9.425788879394531,24.598917388916014
9.472730827331542,6.400375938415527,26.262498092651366
-37.3335075378418,-37.10603561401367,29.189899063110353
-49.75694274902344,8.104949951171875,5.3600541114807125
-56.05215225219727,-19.152951431274413,4.169841575622558
9.50283088684082,6.811871910095215,19.966255950927735
9.072442817687989,-10.68005599975586,26.958996963500976
2.8865180015563965,9.512934112548828,6.411517143249512
1.5402374744415284,9.65036735534668,25.244535064697267
9.661461067199706,-14.445933723449707,7.983808517456055
8.560877227783203,-50.339629364013675,34.084207916259764
-69.61868591308594,2.5247024059295655,10.875750160217285
10.873993301391602,-35.32485504150391,1.3210394620895385
-66.64156646728516,-8.240795135498047,29.532855224609374
-55.93108291625977,8.767345809936524,11.399625778198242
-70.53779602050781,1.0943161964416503,10.92250919342041
-43.05004119873047,-31.628724670410158,29.052761840820313
-20.88683624267578,9.38193588256836,11.952715110778808
9.577876663208007,-0.03722281455993652,1.4655382633209229
-28.234516525268553,9.39470329284668,5.485535430908203
9.423523712158204,7.596626853942871,26.161940002441405
-33.19124221801758,-41.465484619140625,10.267300796508788
-15.01728572845459,9.503596878051757,12.16736068725586
-30.966371154785158,-44.04503479003906,28.881383895874023
-39.212589263916016,8.990509414672852,30.332485961914063
-53.366844940185544,-21.25598602294922,29.441857147216798
-45.349395751953125,-29.67059440612793,10.299229049682618
9.646035957336426,-29.71244697570801,33.557899475097656
7.54129638671875,-56.749386596679685,21.62818145751953
9.291533088684082,8.027717876434327,7.145561790466308
8.65408935546875,9.552040481567383,32.00602149963379
-58.691593933105466,6.226432609558105,29.867992401123047
-6.846853923797608,-68.08085021972656,15.142008018493652
6.977411079406738,9.597448539733886,19.261033630371095
5.867069911956787,9.635766410827637,6.52078332901001
9.5974515914917,0.17019519805908204,20.13593978881836
-37.208386993408205,-37.26139373779297,29.175178146362306
-30.1675666809082,-44.90332260131836,29.00679168701172
9.594163513183593,-3.5995965003967285,20.540843200683593
-56.49839630126953,-18.75447006225586,16.665245819091798
-11.391415405273438,9.575374794006347,12.31021728515625
-6.756941509246826,-69.4471649169922,8.725810050964355
-14.462962341308593,9.570433616638184,31.02147331237793
9.193176078796387,8.830671119689942,0.8832588911056518
9.225642967224122,8.554238891601562,19.663568878173827
9.562689781188965,-15.846130752563477,1.7044400691986084
-54.610259246826175,-20.5168155670166,4.2741621971130375
9.83242130279541,-13.363605499267578,20.56131477355957
9.585186958312988,-31.254467391967772,33.726952362060544
6.855145072937011,9.586584854125977,19.24645080566406
9.017984580993652,-37.17832794189453,27.520635986328124
8.115982246398925,9.46943702697754,6.7528759956359865
9.088416290283202,9.248094749450683,32.088235473632814
-11.78773536682129,-63.74148254394531,28.481350326538085
7.8654985427856445,-51.56730270385742,8.889441871643067
8.80126075744629,9.162513923645019,25.79372215270996
7.7596735000610355,9.538939666748046,25.607550811767577
-7.300439643859863,9.692712020874023,18.69524688720703
-51.471814727783205,8.113166618347169,17.74154586791992
8.203811836242675,-52.1664794921875,2.5085314750671386
-29.662196350097656,9.090448188781739,24.28926239013672
4.018470239639282,9.647604370117188,31.690704345703125
5.299964714050293,-66.1472152709961,21.683234786987306
9.393008422851562,-6.33774766921997,20.679319381713867
8.95620288848877,-40.78232192993164,8.557571029663086
9.460038566589356,8.075700187683106,1.0504611015319825
-48.41885833740234,8.023779010772705,24.179465103149415
-7.245936393737793,-67.69037475585938,34.729820251464844
9.601826095581055,4.0804362297058105,32.799574279785155
9.709469413757324,-10.297528076171876,33.24094467163086
9.509093284606934,4.2221495628356935,26.46389236450195
6.838044357299805,9.591267395019532,6.6247564315795895
-43.56105117797851,-34.084764099121095,23.444312286376952
7.6738077163696286,9.554899787902832,25.594397354125977
7.498901748657227,-56.43288345336914,27.940735244750975
9.52964382171631,5.7307538986206055,7.480959892272949
1.2419896125793457,-70.63511962890625,9.19532814025879
-10.297250175476075,-68.26524200439454,14.126008796691895
9.758804512023925,-14.311840057373047,1.6216017246246337
9.547204399108887,-0.18672094345092774,1.4655665636062623
-68.83519897460937,3.5898882389068603,10.95910930633545
-69.88435821533203,-3.3221921920776367,29.395325469970704
-28.093181228637697,-46.854373168945315,9.823999214172364
-6.025548934936523,9.500321578979491,30.92675895690918
9.442682647705078,6.7767078399658205,7.321816635131836
9.553853607177734,-15.882644653320312,1.7071475028991698
-70.50106811523438,-1.8340039491653441,23.181352615356445
6.557313919067383,9.576539421081543,19.207636642456055
7.983329772949219,-49.773092651367186,8.846586990356446
4.950384712219238,-66.03033599853515,2.942949724197388
8.705370330810547,9.363264083862305,13.119048118591309
-63.53455123901367,-11.71378002166748,29.581381225585936
-70.02932434082031,-3.9192886352539062,10.628928565979004
-60.482625579833986,-14.716542816162109,10.516034889221192
-25.362161254882814,-48.460713958740236,4.006802988052368
-11.33592929840088,-63.75788269042969,15.995778465270996
-4.948353004455567,9.275472831726074,12.18460464477539
5.320317649841309,9.616048622131348,6.456711006164551
5.146151065826416,9.359724426269532,0.20350656509399415
9.557572364807129,7.103334045410156,1.119811725616455
-29.53106689453125,9.319680213928223,18.190335845947267
9.54758358001709,-23.710611724853514,14.61318073272705
-55.70551223754883,6.875847816467285,29.84081115722656
8.588464546203614,-43.608167266845705,21.34027214050293
9.284565925598145,-33.32565689086914,14.36748390197754
4.052783012390137,9.652821922302246,31.693504333496094
8.157031440734864,-52.544900512695314,2.5227583408355714
1.6870591640472412,-70.9235107421875,28.091435623168945
-51.290879821777345,-22.859226989746094,22.97536392211914
9.515436172485352,2.791966199874878,26.634387969970703
9.489797973632813,-12.920807075500488,33.16722717285156
9.833234786987305,-6.036686706542969,8.054932403564454
-10.271026992797852,-65.07146606445312,28.59617919921875
-56.576072692871094,-19.686629486083984,22.915966796875
-59.969939422607425,-15.100110054016113,4.233072757720947
-44.82882308959961,8.60471019744873,11.562333869934083
9.095417976379395,8.880524826049804,19.61101417541504
-49.62234725952148,8.061343002319337,11.440652847290039
0.43151130676269533,9.710030364990235,25.22493705749512
-18.377779388427733,-56.23709411621094,22.561002349853517
-23.66677780151367,9.27967472076416,18.390808868408204
-36.82405471801758,9.145520401000976,24.44596290588379
-53.66433410644531,-21.236245727539064,10.609658432006835
-42.65637283325195,-38.709198760986325,23.784551239013673
-6.366363048553467,9.424629211425781,12.242437362670898
9.218998146057128,-12.654266357421875,27.032654190063475
-69.3739517211914,-4.39062614440918,23.455115509033202
1.5843668460845948,-70.54541473388672,9.213509941101075
-36.03771820068359,9.375568008422851,5.345473098754883
9.505583000183105,3.063812589645386,26.620254516601562
9.21944980621338,8.562721061706544,19.66209144592285
-42.49803009033203,-32.4315689086914,29.012652587890624
-15.38232879638672,-60.03442153930664,34.9185546875
8.510333633422851,9.358939361572265,6.82271032333374
-58.29845962524414,7.8879118919372555,11.639454460144043
-12.000866889953613,-63.55072860717773,28.468195343017577
9.371246910095214,7.3992664337158205,7.231475353240967
9.553258323669434,-17.830935287475587,14.47042007446289
9.432925796508789,-2.971608877182007,1.60698344707489
2.311468982696533,-70.05321807861328,15.583554458618163
-66.07044982910156,5.621259117126465,23.74869384765625
-70.57907257080078,-2.6251115798950195,10.904027557373047
9.628020286560059,6.889183616638183,13.606904411315918
2.1049748420715333,9.274571990966797,0.16764397621154786
-69.91629333496094,-3.2389870166778563,29.383910369873046
9.315589904785156,-30.127125549316407,27.31260528564453
-15.285988044738769,9.496584510803222,12.167528915405274
-9.377370452880859,9.45231876373291,30.95265007019043
9.618892669677734,-1.5621652841567992,20.29548454284668
-66.35076446533203,-8.072104740142823,10.754143905639648
-69.85251007080078,2.1962789058685304,10.87019214630127
7.715924835205078,-55.62034530639649,2.6482874870300295
-69.82975463867187,-3.1479610443115233,17.05712547302246
-24.76108627319336,-49.79126510620117,29.068584442138672
0.993747329711914,9.327571296691895,6.389705181121826
7.275260162353516,9.479503631591797,12.85749683380127
3.9365663051605226,9.645040321350098,31.68433532714844
6.748729515075683,9.51569480895996,0.2449563503265381
5.599794006347656,-64.27254180908203,2.90084228515625
9.074035263061523,-38.934974670410156,8.456695747375488
1.1888659954071046,9.673604774475098,25.235675430297853
9.176953125,8.604368019104005,7.058591556549072
7.609451866149902,9.861548805236817,31.90804557800293
-57.931190490722656,7.305002593994141,23.962792205810548
5.388431549072266,9.387404632568359,0.20138673782348632
9.12235622406006,-19.390237045288085,1.976035213470459
9.743077659606934,-1.4516143798828125,7.921054553985596
9.586676406860352,1.8925811290740966,20.21479911804199
1.6209986209869385,-70.34525909423829,34.606581115722655
-0.012930774688720703,9.76038818359375,0.029167747497558592
-66.69232940673828,-7.820723247528076,10.712667846679688
0.7086636066436768,-71.01351928710938,15.494068145751953
9.483747291564942,8.052685356140136,32.25607681274414
9.29370346069336,8.247737503051757,19.712793350219727
9.07390537261963,-10.4037015914917,26.955005264282228
-1.6219618320465088,-70.90449829101563,28.426687240600586
-40.32914276123047,-34.545126342773436,16.238362884521486
9.631726837158203,6.152679443359375,13.694226264953613
3.368545341491699,9.57599334716797,31.634160614013673
7.3238578796386715,9.551700401306153,0.3147598743438721
-65.33823699951172,-9.642392539978028,29.45341911315918
8.996055793762206,-43.47646560668945,2.347708511352539
8.696965789794922,-49.150472259521486,34.246070861816406
9.56468334197998,0.6916011333465576,14.017388153076173
-1.0226258039474487,-70.92797393798828,3.0946915626525877
-11.29746036529541,-64.20710906982421,22.11301383972168
8.635575485229491,-45.4249755859375,2.4030198097229003
5.6236927032470705,-62.91998291015625,34.427667236328126
-28.528324127197266,-46.42314987182617,29.11942939758301
-3.018767547607422,-69.99527587890626,15.708276557922364
-68.86453552246094,-5.336389541625977,23.516163635253907
9.597280883789063,7.467343330383301,13.529628372192382
-8.978897094726562,-65.07162780761719,3.657046985626221
-9.058902549743653,9.616359329223632,6.139347743988037
6.201799201965332,-62.8623405456543,15.387801170349121
9.024892425537109,9.16640739440918,13.21918182373047
-31.84620819091797,-42.91959075927734,10.30082664489746
9.57316551208496,5.30190143585205,1.2145970344543457
0.41942572593688965,9.22882022857666,6.374820518493652
9.437569046020508,-14.271058464050293,27.09199447631836
-21.236532974243165,9.351411819458008,11.924231338500977
6.978980636596679,-59.23379898071289,2.7761629581451417
9.588184928894043,5.389543151855468,20.126756286621095
9.4612886428833,-26.707278442382812,14.539677047729493
-11.111434745788575,-63.81901092529297,34.99655685424805
9.473670959472656,7.039425277709961,19.926232528686523
-9.462538528442384,9.646717262268066,12.340669631958008
5.191968154907227,-65.44261779785157,15.389427947998048
8.615051460266113,9.329331207275391,0.6294867277145386
-70.49587860107422,-2.88456654548645,10.854867744445801
-33.06334533691406,9.171782684326171,24.402748107910156
8.76363468170166,-44.237519073486325,2.396114683151245
-2.4577733516693114,9.744552040100098,25.149599075317383
6.039157104492188,-62.823648834228514,2.866843605041504
-19.45905990600586,9.473386001586913,18.292259979248048
-70.20269012451172,-3.5757889270782472,10.704361724853516
-70.48818511962891,-1.8091536998748778,29.307017517089843
-70.56136779785156,2.025825262069702,30.3271785736084
9.549028587341308,-23.573169326782228,14.608220291137695
-53.28270568847656,7.829519939422608,5.317060279846191
7.874143981933594,9.81787929534912,31.92590675354004
-10.610964965820312,-64.42989654541016,9.643670272827148
6.734000015258789,9.496562385559082,12.821158409118652
9.510493087768555,-18.774591827392577,20.768739318847658
9.66550521850586,-1.6693047761917115,26.750324630737303
-11.362853240966796,-64.71053619384766,22.014105987548827
-0.4807703495025635,-70.93533020019531,3.1070275783538817
-52.15679931640625,7.672764015197754,30.169779968261718
-59.47675323486328,6.978958511352539,5.023641681671142
8.595541000366211,-43.706610107421874,21.338655471801758
-24.31515579223633,9.310214805603028,18.400631713867188
3.587332248687744,9.485710716247558,25.27332763671875
-34.353213500976565,9.324235916137695,5.376119995117188
-33.67515487670899,-40.86226043701172,3.546472358703613
9.361178207397462,-33.49962310791015,33.66308364868164
8.628662872314454,9.324038887023926,6.84884557723999
9.641110038757324,-4.606871032714844,33.18860931396485
9.934209442138672,-7.033761024475098,1.6029070615768433
-4.915352153778076,-69.14836273193359,3.153533363342285
-25.083610153198244,9.98000259399414,31.113983154296875
9.627665519714355,4.812397003173828,32.726741790771484
2.3180983543395994,-70.04493255615235,15.583390045166016
-35.81393890380859,9.36561985015869,5.348174285888672
-61.923258209228514,-13.073589897155761,16.889649963378908
-66.20631713867188,5.5683595657348635,23.744644546508788
-58.971534729003906,-16.55466079711914,29.51757049560547
9.555970191955566,-4.041487121582032,20.58900260925293
-15.585259819030762,-59.833692169189455,22.423397827148438
9.36944580078125,8.605941772460938,13.357743453979491
2.4959379196166993,9.251390647888183,0.18938541412353516
7.917764568328858,-54.385128784179685,2.5967726707458496
7.489071083068848,9.567220878601074,25.568361663818358
0.9014798164367676,9.47254467010498,0.08983006477355956
-66.76325988769531,-7.746301555633545,4.4905163764953615
-42.79269638061523,-32.04358825683594,29.030135345458984
-31.459418869018556,9.283125495910644,5.424209403991699
-41.54299545288086,8.6759859085083,24.174580383300782
-36.90286026000977,9.297111129760742,17.848341751098634
9.406891822814941,-2.7417600631713865,1.5801618814468383
-4.997756290435791,9.494674110412598,30.933510971069335
9.689683723449708,-12.17632827758789,8.160562133789062
9.653112411499023,-4.965030193328857,33.229130554199216
8.925623893737793,9.05566120147705,25.833461380004884
-0.5433370113372803,9.574627685546876,12.517945289611816
-67.71476898193359,4.4453106880187985,30.135422897338866
6.9872652053833,9.584464263916015,25.497328567504884
-18.501312255859375,-56.08825454711914,22.57521171569824
9.029445266723632,-36.5030876159668,27.531542205810545
-61.00384521484375,-14.601118278503417,29.260675811767577
-4.922114753723145,9.345913314819336,5.966156005859375
-57.64918899536133,-17.4523983001709,4.168780136108398
2.6626565933227537,9.502408599853515,6.417881011962891
6.292936134338379,-62.79017639160156,8.884143257141114
5.712574005126953,-64.18993682861328,15.39479866027832
-28.785947799682617,-46.3674819946289,22.671107482910156
-0.28352794647216795,-70.98349456787109,21.766543579101562
-60.20120086669922,-14.887772369384766,4.233019638061523
-70.51997985839844,-1.7514336347579955,23.176773834228516
9.39522647857666,-14.11004695892334,33.181636810302734
-10.617124938964844,-63.58610229492187,3.85383620262146
-43.16459350585937,-31.429444885253908,29.060514068603517
-52.29558334350586,-22.589624404907227,29.314450454711913
-22.71536750793457,-51.32457580566406,3.6461092472076415
-26.480266571044922,9.334024810791016,11.830033683776856
-30.446002197265624,-43.882093048095705,16.37134132385254
9.56507511138916,-7.541716289520264,14.552602767944336
8.786846923828126,9.243709754943847,6.889608764648438
9.772971916198731,-14.41367015838623,20.505739212036133
-43.83646469116211,8.67878761291504,5.325829315185547
8.717154502868652,9.2708158493042,0.6687758684158325
5.73868465423584,-62.28085479736328,34.3299057006836
-59.16660690307617,-16.15119686126709,23.521944427490233
1.246632719039917,9.387560272216797,0.11240172386169434
-34.14942092895508,9.222789192199707,24.478271102905275
-6.0707573890686035,9.50245933532715,30.92677421569824
-55.84453582763672,-19.368821334838866,4.1775803565979
9.566851043701172,-7.456325340270996,14.552301216125489
9.497705459594727,8.175247955322266,13.429096794128418
-51.72644805908203,-22.556746673583984,22.998816680908202
2.1046940803527834,9.617160224914551,25.25911636352539
-34.15893325805664,9.249045944213867,17.960011672973632
-1.7724515438079833,9.452519989013672,12.409909057617188
9.48503589630127,6.996961784362793,19.932680130004883
-16.332752227783203,-59.52896575927734,3.7093953132629394
5.498137283325195,-64.59867858886719,27.981625366210938
-60.72253494262695,6.862976455688477,23.830138778686525
9.284344100952149,-33.20056838989258,27.63646583557129
9.610613059997558,5.936956214904785,13.718316268920898
3.337948036193848,-68.95447540283203,34.55823669433594
7.689186859130859,9.609279823303222,19.352379989624023
-69.38411865234374,-4.752785968780517,16.97256546020508
-1.6832274675369263,9.782949256896973,25.210537338256835
-38.35706253051758,9.903156280517578,5.3682427406311035
-63.27748413085938,-11.613400650024413,17.081338500976564
6.916827392578125,-60.1912109375,8.935579299926758
-31.810844802856444,-43.16538543701172,28.710700607299806
-19.106298446655273,9.52602310180664,12.11135368347168
9.092715072631837,8.887532615661621,19.613180541992186
14.256480407714843,-45.274739837646486,0.3798218727111816
7.171633720397949,9.580546951293945,6.656678676605225
4.119399738311768,-68.15708770751954,21.73727378845215
9.436355590820312,-2.9690403938293457,1.6066381216049195
7.8651782989501955,-51.56642227172851,8.889373207092286
9.644491386413574,-19.11361656188965,7.853180408477783
7.695643424987793,9.556732749938964,25.59836349487305
9.376732063293456,7.323988723754883,7.241026496887207
1.365315055847168,-70.39340515136719,3.102590560913086
9.383461952209473,-6.092970466613769,20.673053741455078
-16.334334945678712,9.675317764282227,30.973900985717773
-0.18340630531311036,-70.90860443115234,3.111647701263428
-70.7687973022461,2.137398195266724,23.524061584472655
-70.82278900146484,0.2614870071411133,29.838325881958006
-28.904686737060548,9.384861183166503,18.239244079589845
-49.510556030273435,8.215596389770507,17.757609939575197
9.62171630859375,5.04799108505249,32.693946838378906
9.529644203186034,-16.054109191894533,27.051028442382812
-70.84858856201171,-1.3493156671524047,11.040462875366211
9.636510848999023,-18.58762435913086,33.59447326660156
9.370766258239746,-36.29868774414062,33.745635223388675
9.650563621520996,-20.16836166381836,7.9188385009765625
7.309105110168457,9.568986320495606,6.668293476104736
9.374510955810546,7.2829381942749025,7.248063564300537
-5.9717254638671875,9.383466911315917,12.21368637084961
-60.09476852416992,6.882104873657227,4.99334602355957
4.414192390441895,-67.03196868896484,34.54545211791992
8.179542541503906,-52.69349060058594,15.045083808898926
9.66205291748047,-0.3892193794250488,26.608970642089844
9.169522285461426,8.653313636779785,7.051077461242675
-0.7089855670928955,-70.634326171875,34.68479614257812
-52.10477142333984,7.895287322998047,11.479177856445313
-61.75964584350586,-13.463215446472168,10.392436218261718
9.056266021728515,-37.22987365722656,21.194638442993163
9.301874732971191,7.966790962219238,7.153770637512207
9.619143867492676,-3.409933614730835,7.866334629058838
9.719808387756348,-0.6498360633850098,7.918499279022217
-14.88274040222168,-60.88572463989258,3.7936785221099854
-4.344347095489502,9.571025085449218,18.796455001831056
-63.91561508178711,-11.046776962280273,4.334995365142822
-22.148638916015624,9.61419448852539,5.6609851837158205
-58.787353515625,-16.32317771911621,10.711117553710938
-4.271417331695557,-69.18432159423828,15.613435554504395
-26.317952346801757,9.329169464111327,11.835005378723144
9.195994186401368,-8.874700736999511,26.927838134765626
9.491506958007813,7.187442016601563,32.35357894897461
8.052399063110352,9.498821830749511,0.46130545139312745
8.90966625213623,9.133880996704102,6.930563926696777
-36.38919296264648,9.287876892089844,30.46092414855957
8.058121395111083,-48.910868072509764,8.806851005554199
7.986417770385742,-49.65627899169922,8.843624305725097
8.896325874328614,9.40379810333252,32.048483276367186
8.27121410369873,-51.320804595947266,2.479749822616577
5.5404558181762695,9.83945827484131,31.79824104309082
7.053503608703613,-56.259222412109374,33.69173355102539
9.256830978393555,-23.864551162719728,27.1568244934082
-14.214345359802246,9.551844596862793,31.03370780944824
5.805400943756103,-63.76159591674805,27.938791275024414
9.335137367248535,-30.990541076660158,14.4443790435791
9.116487312316895,-11.872889709472656,26.99577941894531
0.27556509971618653,9.197347640991211,6.373531913757324
0.01104741096496582,9.618790245056152,12.56386947631836
-24.44758186340332,-50.13944320678711,29.062812042236327
9.606671333312988,-1.4538240671157836,20.281352615356447
9.456853485107422,-32.858282470703124,21.17411079406738
-38.372310638427734,-36.3409065246582,10.137234687805176
7.571109580993652,-55.96178970336914,27.952613830566406
3.704642963409424,9.416833877563477,18.922232818603515
9.622400856018066,4.4666801452636715,32.767459869384766
-43.322018432617185,-34.54899978637695,23.512560272216795
-10.475432395935059,-65.61317596435546,15.446380805969238
0.021522951126098634,9.596706962585449,31.412560272216798
-70.64886932373047,-1.037507128715515,4.496146202087402
-67.49232940673828,-7.594752216339112,16.60391845703125
2.7596301078796386,-69.59195098876953,34.55894012451172
9.51753273010254,3.8289818286895754,7.663402652740478
9.233561706542968,8.419636917114257,7.088276767730713
8.207980346679687,-52.355935668945314,15.036091613769532
-70.01592864990235,3.1367516994476317,23.489952850341798
9.594822883605957,-0.9029540538787841,20.210164260864257
-15.930985069274902,-59.418460083007815,34.85706405639648
1.0102258682250977,-70.21602783203124,21.925494384765624
9.418680191040039,7.546048736572265,26.16708450317383
-49.03301010131836,8.245895385742188,17.75422592163086
9.488706970214844,-24.05513114929199,33.26840744018555
8.588531303405762,-43.86482467651367,21.333411407470702
8.7557373046875,-46.71497650146485,34.458074951171874
2.030413818359375,-69.6224609375,21.961524963378906
6.355392646789551,-62.366265869140626,15.37834415435791
-37.09592514038086,9.225760650634765,30.382876586914062
9.133314895629884,8.923797416687012,0.8481256246566773
6.438774871826172,9.509062194824219,12.815462684631347
9.605607604980468,-2.7778806686401367,26.821065521240236
9.595883560180663,-6.131060600280762,26.759647369384766
9.178559112548829,8.604360198974609,7.0552267074584964
-31.55534553527832,9.202485466003418,18.07827262878418
-10.862401390075684,-64.54974822998047,28.546946716308593
8.899978828430175,9.137383842468262,6.92606372833252
5.581715488433838,-63.133898162841795,34.45711975097656
-21.61539192199707,9.505815124511718,24.71264991760254
9.73926658630371,-0.9544435501098633,7.926375484466552
-32.41660003662109,-42.230672454833986,16.238196563720702
9.504974365234375,-7.592208766937256,20.6887508392334
-44.386383819580075,-30.68879089355469,10.257820892333985
-70.64995422363282,0.45090179443359374,17.280162811279297
13.493973731994629,-42.617617797851565,0.3649038314819336
-39.01493606567383,9.0206693649292,30.327458953857423
9.610004806518555,-2.1685013294219972,20.370894622802734
9.586757469177247,1.7867748737335205,20.209609603881837
-69.20913238525391,3.1025061130523683,10.909830474853516
1.8203055381774902,9.670915412902833,12.641919326782226
-5.793219661712646,-68.01837768554688,28.390235137939452
-56.085897827148436,-20.21481590270996,22.793544387817384
-48.872562408447266,-24.977857971191405,22.794309234619142
-1.5904065132141114,-71.21295623779297,21.700596618652344
-70.57309265136719,-1.601743745803833,23.16926689147949
9.602484512329102,-2.777403450012207,26.820947265625
-29.111094665527343,9.35755615234375,18.2235897064209
9.569905090332032,5.733055305480957,32.58756866455078
-6.4612060546875,9.442478942871094,12.249085426330566
5.708885860443115,-63.95442352294922,2.8934550285339355
6.008792877197266,-63.38105010986328,15.393293190002442
9.50057773590088,6.759593772888183,32.416046905517575
-67.96922454833984,-7.071658611297607,23.692009353637694
-10.388314819335937,9.629971504211426,12.321239280700684
-19.915225219726562,9.97475070953369,31.219772720336913
-60.462702941894534,7.3274232864379885,11.348932266235352
-23.88838424682617,10.157195281982421,31.2077335357666
-51.74060897827148,-23.107963943481444,10.527147483825683
-50.56870880126953,-23.435845947265626,22.9292049407959
9.358896255493164,-29.14381561279297,14.422533798217774
-29.479174423217774,9.327335166931153,5.454336738586425
7.306978797912597,9.89317741394043,31.889253234863283
6.941006088256836,9.4948881149292,12.83128833770752
-21.18756523132324,-53.40003433227539,22.836785507202148
-15.837028884887696,-59.041160583496094,9.970263671875
-30.321065521240236,-44.7016098022461,3.718669128417969
-63.74236526489258,-11.46053695678711,29.563454818725585
7.29281005859375,-58.6458984375,21.7563907623291
-4.495893955230713,9.25260524749756,12.196282768249512
9.476864242553711,6.023821830749512,26.27922668457031
9.8144380569458,-9.897516632080078,8.274210548400879
1.9707815170288085,9.463664436340332,6.417302799224854
8.36792869567871,-49.950914764404295,2.440951919555664
-11.297754669189453,-63.09979476928711,3.9016271114349363
-70.20327606201172,-2.4945517063140867,4.543883419036865
4.215160751342774,-67.93436584472656,9.228065299987794
9.500433349609375,-24.856178283691406,33.18277359008789
9.53991928100586,-17.862765884399415,20.68174514770508
-39.31259002685547,-35.52901000976563,16.305749893188477
9.45251922607422,2.494313287734985,32.75684814453125
9.33521728515625,-29.487141799926757,27.29844551086426
9.509178924560548,4.060512971878052,26.491106033325195
-5.592785835266113,9.619411659240722,18.751861572265625
9.6440279006958,-18.707099533081056,33.591556549072266
-21.921624755859376,9.290818786621093,18.31739387512207
-66.15363464355468,5.497735404968262,4.84496545791626
-70.71122589111329,2.281246614456177,23.530701446533204
-53.49125213623047,-21.121940231323244,29.46367835998535
9.520935440063477,4.0424400806427006,7.656275939941406
-45.7896240234375,-29.423657989501955,23.043554306030273
9.559517669677735,5.646699523925781,1.1914077520370483
-13.63121681213379,9.412206649780273,5.870475387573242
-58.690392303466794,7.843308544158935,11.592588424682617
4.978503036499023,-65.89986114501953,28.071282577514648
-4.439047622680664,9.571035575866699,18.79198341369629
6.088052749633789,-62.675970458984374,2.8634171009063722
9.471088027954101,1.4269703388214112,32.72132949829101
9.488533973693848,1.2111372470855712,32.72157287597656
8.921133613586425,9.24337978363037,13.182340240478515
9.952078247070313,-9.587822532653808,1.5372546195983887
-68.43973541259766,3.961174488067627,4.794584274291992
-63.858429718017575,5.4709632873535154,30.313200378417967
9.582000350952148,5.577822685241699,32.61255722045898
9.306715774536134,8.298552131652832,26.027735900878906
9.441345596313477,8.187615966796875,1.0351946353912354
-4.0029243469238285,-69.83896484375,3.094986152648926
-65.81238250732422,-8.473858642578126,10.807777976989746
-70.6149398803711,1.8225524425506592,4.718710994720459
-11.890219497680665,9.407806205749512,31.108029937744142
9.655918884277344,-1.8667741537094116,14.097383880615235
5.121674346923828,-65.6093246459961,2.9325873851776123
9.3990083694458,7.188381767272949,7.260980701446533
9.43881435394287,-32.58639373779297,33.69614181518555
9.260639762878418,-32.187626647949216,27.481272506713868
-21.436861038208008,9.306866264343261,18.29267692565918
-22.899960327148438,9.620184135437011,5.64914608001709
-21.76528129577637,10.136714553833007,31.287449645996094
1.628054666519165,-70.62036743164063,15.531424713134765
-4.361097812652588,9.261292648315429,12.201152038574218
-31.3051700592041,9.40141773223877,30.90333786010742
9.085702514648437,9.097877311706544,13.241501808166504
-22.907849502563476,-52.62878341674805,9.856382751464844
7.8183393478393555,9.532271385192871,25.61666069030762
-19.935797882080077,-55.077171325683594,16.390122604370116
-14.63397445678711,9.405089950561523,5.834606552124024
-0.9062762260437012,-70.60441741943359,9.277246284484864
9.542021560668946,7.842470359802246,13.476344299316406
9.69068603515625,-4.64585599899292,7.9353643417358395
9.394865417480469,7.8697761535644535,26.11684455871582
-9.993812751770019,9.547512245178222,6.124005222320557
9.516902542114257,6.306000900268555,32.49116592407226
-70.79443054199218,0.8549227714538574,30.031194305419923
-49.891564178466794,8.203916358947755,17.757748413085938
9.359782409667968,8.080937576293945,26.076694107055665
6.621923637390137,9.494280242919922,12.817369651794433
-26.367338943481446,9.169664764404297,24.322977447509764
-70.65264739990235,2.408276319503784,23.534334182739258
9.613060569763183,-3.3076159000396728,20.50611991882324
9.425507926940918,7.625963973999023,26.15622749328613
-68.9626678466797,-5.176192569732666,29.62047996520996
2.273203468322754,-70.00245819091796,34.5705062866211
9.610863876342773,-0.15562238693237304,14.049203681945801
9.505195617675781,3.611582612991333,26.56234130859375
5.9851734161376955,-63.04161071777344,2.871963930130005
-3.4917606353759765,-69.70146789550782,9.670126342773438
9.596212196350098,4.656180286407471,1.2550796508789062
-22.873746871948242,-52.68028259277344,9.85109920501709
0.7166047096252441,9.580608940124511,31.451504516601563
-19.50064888000488,-55.60683822631836,16.377775573730467
-2.3903629302978517,9.738444519042968,25.155865478515626
9.800056838989258,-10.849446868896484,20.616894149780272
-2.2916625499725343,9.523564720153809,18.830763244628905
-17.54162940979004,9.537223625183106,24.633818435668946
9.748693466186523,-1.1488751411437987,7.926601600646973
-29.854339599609375,9.377775764465332,30.884252548217773
9.14790744781494,-34.10321197509766,8.413114547729492
-69.46636505126953,-4.495238208770752,16.99068717956543
9.163173866271972,-35.06586227416992,27.63691520690918
9.655250930786133,-16.716479873657228,14.480499458312988
9.524763870239259,-21.83115921020508,14.592123222351074
-16.749999237060546,-58.50336608886719,22.419893646240233
3.2163639068603516,9.636800003051757,12.661558723449707
-70.47579650878906,-1.3848243713378907,17.1323543548584
9.139682006835937,-35.1200668334961,8.375931930541991
3.060888481140137,9.533716773986816,25.272021102905274
-69.99512176513672,-3.9672539234161377,10.618358612060547
9.91479549407959,-12.024095726013183,14.673181915283203
-1.4995017528533936,9.78901653289795,25.218507766723633
-25.559288787841798,9.563124656677246,5.580084896087646
5.413473987579346,9.388269996643066,0.20073504447937013
3.7981264114379885,-68.29473266601562,28.188599395751954
-67.97507934570312,4.548108100891113,11.079721260070801
