-48.64332656860351,13.234368896484375,30.355231857299806
-43.52224884033203,15.006758499145509,24.180439376831053
2.094647836685181,-79.24730224609375,28.338872528076173
-48.41820526123047,-17.99158172607422,4.207941150665283
-72.75573425292968,3.8905176639556887,23.910245513916017
-10.615691757202148,-55.764478302001955,35.039974975585935
11.412015342712403,-4.569369602203369,8.032244205474854
11.786040878295898,0.4639609336853027,13.572248840332032
-19.478157424926756,-64.86291809082032,22.478196716308595
6.953104686737061,10.78403549194336,12.876600074768067
1.651290225982666,-6.801760482788086,33.260460662841794
-37.819908905029294,-0.16883015632629395,5.465217876434326
-57.26698989868164,-18.03001480102539,4.172507667541504
-30.36510810852051,-52.06424789428711,10.059427070617676
-31.367161560058594,-33.86723327636719,23.008403778076172
-21.933885955810545,10.129977226257324,24.481189346313478
13.591861343383789,-36.53706741333008,21.23211250305176
14.82903175354004,-26.293333435058592,27.231893920898436
-15.440293884277343,10.454486465454101,5.90219259262085
11.88952693939209,-4.509261703491211,20.25359191894531
-30.246201705932616,12.585011291503907,11.870333862304687
-17.715918731689452,12.535871887207032,31.11366958618164
-71.01207122802734,6.538740253448486,4.735919094085693
4.094675922393799,-69.40824432373047,21.794398498535156
5.91969861984253,7.231365108489991,31.648988342285158
-47.92882308959961,0.6740397930145263,30.382810211181642
7.357797145843506,5.428324413299561,19.62173843383789
17.91575355529785,-46.61565628051758,8.90853157043457
6.511097431182861,-0.7371028423309326,14.108048439025879
-59.818809509277344,0.673213529586792,30.245189666748047
6.867384815216065,-5.765499305725098,7.840440082550049
3.4789656162261964,-71.49574737548828,34.67775115966797
-11.225473976135254,11.717206954956055,12.381529617309571
-25.71631736755371,-50.684234619140625,10.130545043945313
13.563626861572265,-41.49131088256836,8.685497856140136
0.7755224227905273,-61.39720001220703,28.131886291503907
5.123102855682373,8.59397258758545,25.68342704772949
-8.88372859954834,-70.20365295410156,9.673414039611817
8.244586372375489,1.8345515727996826,25.899920654296874
-73.77138061523438,-1.3511214971542358,11.076762199401855
-5.9834331512451175,-67.66923065185547,3.248708438873291
11.209131240844727,10.823550605773926,0.4015845775604248
13.968720245361329,-1.5867115259170532,32.63536605834961
11.690700149536132,-57.9203125,2.570499086380005
-0.48951191902160646,-60.05132904052734,34.17159729003906
-66.10641174316406,5.086782741546631,30.22756233215332
1.4395405769348144,-65.73557586669922,2.983389711380005
3.1819409847259523,-70.56307678222656,15.787606620788575
16.970696640014648,9.206830024719238,13.622895050048829
17.147745895385743,-21.941953277587892,33.60263442993164
12.605298614501953,-24.553513717651366,20.920882415771484
5.035178089141846,1.8193172931671142,20.098157501220705
-52.10204315185547,-14.80485954284668,29.665880966186524
-32.09974670410156,12.521914672851562,18.09480094909668
3.818922758102417,-24.686587524414062,14.630867195129394
-40.65911102294922,9.446739006042481,24.237934875488282
-47.12592391967773,17.10465278625488,5.514658832550049
-25.170778274536133,14.822013092041015,24.70744934082031
6.660776615142822,-20.285673522949217,27.14537353515625
10.637283325195312,16.083652114868165,6.893680286407471
-2.033458781242371,-71.5978988647461,15.735108566284179
-33.59365005493164,-46.08128890991211,3.7421998500823976
13.235778617858887,0.5176001071929932,18.86953659057617
-8.333140563964843,-66.27955627441406,28.521226119995116
-53.782632446289064,-14.758746528625489,16.791536331176758
-26.64765625,-41.04661483764649,10.051444625854492
-28.49956512451172,4.913826751708984,30.82044372558594
4.530929183959961,9.080314254760742,7.307203197479248
-2.535840368270874,-35.68678741455078,27.49518394470215
-1.3711601495742798,3.526992082595825,12.360178756713868
7.162108516693115,0.02749743461608887,8.287790298461914
-22.425003814697266,10.764582061767578,12.139273643493652
-71.36763610839844,-17.394699096679688,16.965136337280274
7.1091383934021,6.7477335929870605,19.983824920654296
10.497299575805664,-52.77331695556641,2.5840267658233644
-78.73749237060547,2.3628108501434326,29.777833557128908
-2.957994079589844,20.328586959838866,12.396175575256347
-71.96190795898437,-3.174326276779175,29.71152992248535
11.40006980895996,3.515230894088745,1.4444256067276
-4.433259582519531,-69.66962127685547,3.0444491863250733
18.622392654418945,1.9601335048675537,33.034993743896486
-15.875857543945312,-61.76520004272461,28.586941528320313
-6.945769596099853,-69.35980377197265,28.334733963012695
9.398893547058105,14.809871673583984,7.008203506469727
3.063663053512573,6.769174480438233,12.80833740234375
0.3809854507446289,7.823238849639893,26.45774917602539
-4.604018878936768,-67.32500762939453,15.537641525268555
7.496200656890869,-54.12821578979492,9.059019660949707
-59.44659576416016,-5.4947020530700685,23.427123641967775
14.731753921508789,-11.415997505187988,14.484013557434082
10.426467514038086,1.059494924545288,1.5374669551849365
2.533347177505493,-60.86800308227539,27.758543395996092
8.063428115844726,-42.78165283203125,21.42101707458496
11.975968742370606,0.3131138801574707,1.6626346111297607
2.4070447444915772,-0.6316306591033936,31.48063087463379
2.7204751491546633,6.453934001922607,25.801251220703126
8.255684089660644,-45.86705017089844,14.859377670288087
15.776590728759766,4.962639617919922,20.1761173248291
-81.421826171875,-11.510415840148926,29.68868217468262
-2.111859083175659,12.086910247802734,6.746477222442627
5.073135948181152,10.295769691467285,31.936156463623046
0.7959083557128906,-44.01106491088867,27.704665756225587
2.083157205581665,-73.38527221679688,9.524947166442871
9.112530136108399,-67.99163665771485,9.2730863571167
6.696959781646728,-67.74811248779297,9.368252944946288
2.950658750534058,-73.29527740478515,34.67534408569336
-11.281100273132324,8.259425354003906,5.934792613983154
15.39522933959961,5.234584712982178,1.2599737882614135
-28.770223999023436,5.500546169281006,24.398534774780273
-54.39140625,5.096484565734864,10.733855628967286
-53.0822868347168,9.24498176574707,17.808413696289062
-64.81935424804688,5.690719318389893,17.10207748413086
7.04704179763794,10.967288398742676,20.114656066894533
-44.801422882080075,6.911803150177002,11.657719612121582
-3.5854797840118406,-74.76205291748047,3.359701919555664
11.830302619934082,13.632166290283203,12.965425872802735
7.47559003829956,15.468470001220703,19.05458183288574
-1.615032434463501,9.315137481689453,13.721845817565917
6.02200174331665,10.336941719055176,6.577458763122559
6.458218097686768,18.38183479309082,25.577134704589845
6.642373752593994,10.944308280944824,19.298350143432618
-14.9955904006958,-52.114759063720705,9.863076400756835
2.520303964614868,13.467757606506348,25.38424072265625
13.195624351501465,-14.507305335998534,27.00950355529785
4.754179859161377,-8.455483055114746,14.102811241149903
6.375206470489502,9.066255950927735,6.5731714248657225
14.353209304809571,8.701233100891113,13.440773582458496
-60.86001281738281,-12.442416954040528,4.2583893775939945
5.37999849319458,12.14375286102295,7.556553363800049
15.651065826416016,6.059302806854248,20.701386642456054
7.091135311126709,-4.618028926849365,33.30279312133789
-53.46906204223633,-20.979426193237305,10.618358612060547
0.6373711109161377,12.483232688903808,25.44719543457031
-67.33809204101563,-10.230350303649903,29.751656341552735
-46.20689926147461,-21.666940689086914,10.487607383728028
-27.34136962890625,-47.34677429199219,9.911128616333007
1.2017823696136474,-58.99991302490234,9.050379943847656
-34.914424133300784,-28.341487884521484,10.339099884033203
-35.945813751220705,17.495613479614256,30.78713455200195
-28.086970138549805,-49.35674057006836,22.447552108764647
13.044772911071778,6.376170444488525,1.0877955675125122
-47.5008186340332,-22.712192153930665,10.362475967407226
7.595795917510986,-44.50184326171875,15.020395469665527
-26.13353385925293,5.9819928169250485,24.556276702880858
-70.69180755615234,-0.041235160827636716,4.675005054473877
-67.16874694824219,2.875555467605591,17.13955612182617
10.13306770324707,-2.3868597507476808,14.093142127990722
-70.30493469238282,-3.0162689208984377,4.8832320213317875
7.737100505828858,-41.99248733520508,2.4062918186187745
-3.2691506862640383,19.25493469238281,12.446527481079102
5.959526920318604,17.82516555786133,18.814240646362304
-68.21197052001953,-9.602637672424317,29.629076766967774
4.16996955871582,-4.4045166015625,20.6166748046875
3.4730159282684325,-64.0025032043457,15.49217872619629
-48.73954772949219,20.407896423339842,24.32037811279297
-62.051920318603514,4.579128932952881,17.72162322998047
-24.517318725585938,-44.69801254272461,3.929467058181763
-41.49564895629883,-38.50309677124024,4.098419952392578
9.599711608886718,-18.247219848632813,14.748199272155762
-0.509873628616333,3.8625500202178955,12.252269554138184
12.662461090087891,9.501887893676757,6.499333763122559
-19.72878074645996,6.049901103973388,5.671462345123291
2.643278169631958,8.05881233215332,1.0928866386413574
-32.74386367797852,-48.610801696777344,3.88834662437439
10.971813011169434,-50.36604232788086,2.6829551696777343
-24.189255905151366,-46.345943450927734,3.815009069442749
7.562536907196045,-57.68444747924805,8.906950759887696
11.788328170776367,0.9471329689025879,1.5183025121688842
-24.17731590270996,-50.142676544189456,22.320589447021483
13.633613777160644,3.176892614364624,1.1308008432388306
11.692168045043946,9.97925968170166,0.39736645221710204
-58.86075897216797,2.01754412651062,4.755951881408691
-30.94205322265625,14.860171508789062,30.678807067871094
10.005054473876953,-1.55171959400177,1.2300024509429932
6.511527729034424,-20.67269973754883,2.1894917488098145
7.431747913360596,-64.88028717041016,9.530852127075196
-42.0046989440918,8.074550151824951,30.568235015869142
-16.79586181640625,-52.19053344726562,9.837778472900391
12.384112930297851,-28.2063419342041,21.199800491333008
9.991558837890626,-37.62590026855469,33.82612075805664
9.657214164733887,-8.496451950073242,20.746783828735353
-26.870828247070314,10.953886985778809,18.29197120666504
-28.432352828979493,4.457091903686523,18.356634902954102
-59.31007385253906,2.56563458442688,4.602342510223389
10.165855026245117,-60.478955078125,21.736290740966798
-18.4504638671875,13.197414970397949,5.7744935035705565
12.8731107711792,3.8716029644012453,1.134880542755127
13.621073913574218,-64.79169616699218,9.280521583557128
-63.303472900390624,11.270781898498536,11.394930267333985
-53.87964782714844,-21.077949142456056,23.136288452148438
9.924869537353516,18.679614639282228,25.743387985229493
-2.7814545154571535,9.567424201965332,25.351042175292967
6.897541141510009,-70.15610809326172,34.18652420043945
-0.6145776271820068,18.011827850341795,1.1896280527114869
-32.50311279296875,11.627343368530273,5.683973026275635
24.210017013549805,-30.501467895507812,33.612450408935544
9.709086799621582,10.939252853393555,0.6793609619140625
11.255108833312988,-66.01382904052734,9.0740966796875
-29.694247817993165,11.260990715026855,5.573151874542236
4.068217182159424,-50.33981170654297,34.04045181274414
11.271939468383788,-24.327827072143556,27.165377044677733
3.3767423152923586,13.893373489379883,6.493874835968017
-73.56576232910156,1.60503249168396,23.39610939025879
10.929360008239746,12.523754119873047,31.772755432128907
-69.65661926269532,-2.324820613861084,23.14309730529785
-37.966984558105466,-40.38924865722656,29.164956665039064
15.236891937255859,-40.95189590454102,27.438272094726564
12.794771766662597,9.118467330932617,13.456827163696289
4.835813522338867,-25.033839797973634,21.212035369873046
-47.17077865600586,-27.04330940246582,10.41108226776123
-46.44621276855469,13.625401306152344,18.020679473876953
-37.85176239013672,-36.54652404785156,3.8548981666564943
20.22812614440918,-0.33411507606506347,1.519400954246521
4.382775497436524,6.871753406524658,1.1213125705718994
9.822078704833984,-57.95519866943359,27.84665641784668
8.697309112548828,-54.177696990966794,21.56260414123535
-7.877879905700683,13.151580238342286,18.34325180053711
-57.516648864746095,14.115256118774415,24.282979202270507
-69.97820434570312,4.6725303649902346,23.617758560180665
1.0504762649536132,-64.86481170654297,34.31636734008789
-72.22776489257812,-5.450334739685059,29.58141326904297
-11.486655807495117,-63.56374893188477,22.336043548583984
1.2490332126617432,-10.315494918823243,33.35987548828125
-32.356136322021484,-27.211723709106444,22.727292633056642
7.755289745330811,2.347680616378784,1.3225141048431397
-10.156801414489745,6.283482646942138,5.941297149658203
-8.993143653869629,-74.141455078125,28.604550933837892
-1.956499981880188,-74.284130859375,28.21570930480957
6.126412487030029,8.315957260131835,13.003161811828614
-0.7081880807876587,5.120089530944824,6.190800666809082
-6.20362434387207,-63.02450332641602,3.390700101852417
-3.9490127086639406,-64.38537292480468,2.8692689418792723
-6.615008068084717,14.425995254516602,6.026294231414795
-65.63101043701172,-14.069906997680665,23.53925132751465
-30.44020767211914,3.9976598739624025,24.51471939086914
1.7836745262145997,1.9108676433563232,32.06194152832031
4.044977426528931,-5.554280567169189,20.48753433227539
0.39357662200927734,8.487614631652832,32.33411407470703
2.4252745151519775,3.5273729801177978,19.08521614074707
14.128528213500976,7.258705043792725,1.3535511493682861
21.759264373779295,-36.831373596191405,2.3050662517547607
11.837647438049316,-5.187846660614014,20.00549774169922
-38.57641067504883,-32.08609199523926,29.23600540161133
11.577874946594239,-1.1115724086761474,7.217120361328125
9.427650833129883,3.3491350650787353,33.10538940429687
-17.646381759643553,-58.73175277709961,10.02119426727295
12.076375007629395,-8.677126693725587,14.36116828918457
12.712974739074706,-0.8031964778900147,1.3336905717849732
-18.493550872802736,18.800780868530275,31.021953964233397
-8.644864463806153,5.1242059707641605,6.274074935913086
-7.761837196350098,20.0975284576416,18.578585052490233
8.43827838897705,8.623555755615234,1.4880669355392455
15.227806091308594,-12.747788047790527,1.9859502792358399
15.218225479125977,11.85539264678955,1.301257562637329
7.798671627044678,-67.01744079589844,28.165821838378907
-42.83537216186524,12.23175926208496,30.64571876525879
9.584093475341797,-2.986148452758789,7.911540603637695
12.171177291870118,-57.30416412353516,9.033461570739746
-30.547066497802735,-27.95954818725586,22.723937225341796
11.94599895477295,1.661539125442505,32.9865837097168
8.624873733520507,-40.92761001586914,27.50888900756836
-49.12291259765625,5.503730297088623,5.301052570343018
-6.611816883087158,6.89350004196167,31.49145851135254
-78.19822998046875,3.4720280170440674,4.821387863159179
0.36260595321655276,7.894833087921143,20.035085678100586
-0.6143128871917725,1.6777112483978271,12.434207344055176
-13.34847526550293,12.870463943481445,12.17796630859375
-7.664257621765136,-65.65313568115235,22.169737243652342
7.801361179351806,-35.91639251708985,21.006918334960936
6.070360469818115,-15.889224433898926,8.398578071594239
-30.336267471313477,14.099335861206054,24.507706069946288
7.052125072479248,5.724153804779053,19.360679626464844
-27.206405639648438,-43.81666793823242,28.728062438964844
-21.789712524414064,-69.41590728759766,9.816976928710938
5.79284086227417,13.981261825561523,19.16513595581055
16.535711669921874,-4.919978618621826,26.816558837890625
-6.849721240997314,20.047760009765625,31.440715408325197
13.541162490844727,-4.948764514923096,7.936256313323975
-57.06323318481445,-21.305805969238282,16.70053482055664
5.091810989379883,5.227713394165039,31.753538131713867
10.612840461730958,-18.137200164794923,33.56211776733399
-51.440766143798825,13.40750961303711,11.448832702636718
-10.500687217712402,14.441233062744141,25.09927101135254
8.35700855255127,17.77590866088867,31.589467239379882
15.487512969970703,10.644227600097656,7.235765266418457
19.600830459594725,5.8860859870910645,32.36375274658203
-31.11203804016113,12.78641128540039,5.805358123779297
5.419303894042969,-74.9393539428711,28.389486694335936
-7.950777626037597,-64.69400482177734,34.69929809570313
-74.65701904296876,-6.411624622344971,17.16952590942383
3.0704601764678956,12.289098739624023,25.84612693786621
7.314777088165283,-53.5886344909668,2.7347204208374025
-11.442399215698241,-62.65925750732422,28.449404907226562
-61.79286422729492,-18.504006576538085,4.328110027313232
4.795796012878418,-53.35839157104492,9.105092430114746
14.818272018432618,8.842243003845216,19.68142967224121
-56.76551132202148,3.518346929550171,11.39077205657959
0.20780377388000487,-65.56329193115235,34.25672225952148
-39.43815307617187,-34.80975494384766,4.003559398651123
8.169951057434082,12.762278175354004,13.046387481689454
-26.252978515625,4.490617656707764,12.122464561462403
-26.772672271728517,6.165783405303955,11.94517936706543
-39.728030395507815,13.803900909423827,24.455782318115233
-27.258381652832032,3.947587823867798,5.62762222290039
2.400405931472778,-37.700165557861325,27.674574661254884
-0.5814632892608642,-74.48699645996093,28.41303062438965
17.12084617614746,10.878903770446778,19.767629623413086
-24.264310455322267,-55.04735412597656,16.2406005859375
0.01172809600830078,8.283941078186036,25.703933715820312
15.317887878417968,-25.155627822875978,27.480353546142577
-11.597183990478516,-60.59114761352539,15.967292404174804
3.7431193828582763,-16.469176483154296,20.81212272644043
-58.11810531616211,5.57220048904419,11.407485198974609
-44.91121826171875,12.155032539367676,30.627042388916017
2.7591217517852784,6.000296306610108,32.660467529296874
-38.0457160949707,8.49128360748291,11.78009204864502
9.366343879699707,-29.953491592407225,8.614558219909668
11.666183280944825,-60.381490325927736,28.045576095581055
10.50710620880127,-47.06209945678711,8.688894081115723
-3.663932180404663,-69.49638214111329,9.64768581390381
1.9333696842193604,-56.49966659545898,15.25435848236084
-12.773453903198241,-62.77397537231445,21.983361434936523
2.2439402103424073,-68.29410400390626,9.59456272125244
-15.116989707946777,-55.157858276367186,22.553290557861327
-52.569802856445314,-16.66997413635254,10.525933837890625
-24.172858810424806,-55.361688232421876,28.77312355041504
12.823842620849609,-25.702106475830078,8.294154930114747
-73.74961547851562,-7.833167362213135,29.789262771606445
3.5593700885772703,-1.6600169897079469,1.535900926589966
11.574529266357422,8.588224601745605,6.997886276245117
5.471524429321289,-40.28355331420899,15.185370445251465
10.648838233947753,-4.862484169006348,14.119686126708984
6.825263118743896,8.048187923431396,7.121349048614502
12.27823715209961,-38.97950897216797,27.532094955444336
-1.0688078641891479,15.496704864501954,31.733105850219726
10.964169883728028,1.759345579147339,7.432911205291748
4.8817063331604,-36.095587158203124,14.834745597839355
-43.88728332519531,4.368319797515869,5.2466741561889645
-9.081175613403321,-48.92856369018555,16.191838455200195
1.7990648746490479,19.462166595458985,6.227426052093506
9.082269668579102,5.386752796173096,32.64397430419922
15.615081787109375,8.435030937194824,6.878876113891602
17.274732208251955,-44.029972076416016,21.28122024536133
-17.13641815185547,6.844839763641358,24.97489013671875
11.759998321533203,2.977216100692749,20.414474868774413
13.816485595703124,-35.77366180419922,21.348515701293945
13.10611686706543,6.1809357643127445,6.634462547302246
6.519062519073486,3.0460598468780518,26.582871627807616
-9.242830657958985,-64.39601593017578,9.78149185180664
-65.89055786132812,10.598722648620605,23.387520217895506
9.604809951782226,-47.22155609130859,15.125901794433593
-31.788290405273436,-54.5245475769043,22.67914695739746
15.733186721801758,15.594400787353516,25.84951248168945
-20.080739212036132,-50.65692138671875,16.27605323791504
-2.124071455001831,-63.8310043334961,15.622226905822753
-45.34013900756836,-23.497922134399413,10.32735481262207
2.461912488937378,5.471878719329834,6.619660663604736
10.151426887512207,-60.41795425415039,21.635678863525392
-50.90115203857422,6.503064441680908,30.424130249023438
12.855808067321778,6.237552738189697,13.86608829498291
-0.6640254735946656,-75.02134399414062,15.559552764892578
14.658569717407227,1.7379318714141845,7.307084941864014
1.5697653770446778,11.694866371154784,19.214156341552734
3.129721975326538,-31.271956634521484,2.2150819301605225
-18.468168640136717,4.057524490356445,18.367466354370116
-8.264567565917968,13.468520736694336,5.920933437347412
4.245660972595215,-55.45175476074219,2.7172028064727782
13.028169441223145,-5.97542142868042,20.545926666259767
-27.349328994750977,8.025170993804931,24.233820724487305
11.494826316833496,7.663304615020752,32.1015007019043
-12.942029571533203,-56.163658905029294,3.650022268295288
-17.87555847167969,18.6200309753418,24.675040817260744
10.703711700439452,-51.9566764831543,34.13091354370117
15.471951675415038,10.17454719543457,0.7473150968551636
18.650295639038085,-47.71647567749024,2.637994480133057
7.344076633453369,15.343494415283203,13.624044609069824
3.9420965671539308,-64.95087585449218,28.05669059753418
-1.8586524724960327,-26.83730125427246,20.93101234436035
7.3585436820983885,3.550309896469116,1.4327234029769897
-65.08003997802734,-3.3413557529449465,23.7941535949707
6.027022647857666,2.2185573101043703,7.440472221374511
-24.157913208007812,-47.22581100463867,22.498590087890626
-21.32904510498047,-67.38326263427734,3.692459774017334
-7.379721546173096,7.407207775115967,18.95051689147949
-31.040575408935545,10.214952087402343,18.088930130004883
11.798970031738282,14.107365036010743,32.39602432250977
6.923512363433838,13.492403030395508,0.8709401369094849
3.28081374168396,-71.02897644042969,3.215153121948242
-17.20332260131836,5.799483966827393,5.9780961036682125
0.15789566040039063,-68.82484588623046,21.79972915649414
-73.06256561279297,-12.59894618988037,11.140245246887208
8.101613426208496,-4.871955394744873,14.417564964294433
-15.87443904876709,-55.021240234375,22.445421981811524
11.795459938049316,-67.80184936523438,15.525801467895509
-33.88937530517578,-48.32063751220703,16.302063751220704
7.024407482147216,5.495095157623291,12.671317291259765
6.528840351104736,-12.68127670288086,8.413023376464844
2.1009426593780516,-67.67334289550782,9.206219291687011
-65.02843170166015,15.12513084411621,17.60149230957031
-33.40530853271484,14.707732009887696,30.69011459350586
8.639144134521484,-27.71563148498535,27.25978889465332
3.475138235092163,7.575883388519287,13.726674461364746
-32.379824829101565,-42.938036346435545,10.28951473236084
0.8727043151855469,-69.0164291381836,34.627105712890625
-20.567507171630858,-59.30531387329101,22.497092056274415
-60.815066528320315,9.401564407348634,5.27540807723999
-64.7118408203125,-10.897581672668457,17.098402786254884
-44.73157653808594,-23.619976043701172,29.16856231689453
12.506568145751952,14.604075241088868,19.260524368286134
-2.5266584873199465,2.716078996658325,31.272323989868163
3.148330736160278,-35.974996948242186,2.2560800075531007
8.753874969482421,8.926406478881836,26.371855163574217
15.292806625366211,-6.617685794830322,13.785280799865722
-55.7965446472168,-10.99238624572754,23.223098754882812
-35.65162582397461,-33.17194747924805,10.128881454467773
3.6658288478851317,12.90903968811035,32.15127716064453
-11.943720436096191,5.039886474609375,24.738571548461913
-31.08625030517578,-44.29787902832031,3.643116903305054
-44.26988677978515,-27.966196060180664,3.8944107055664063
19.368728256225587,7.964428806304932,0.9518543004989624
3.559181261062622,-65.1311752319336,21.819064331054687
3.6018887996673583,18.902378463745116,31.647389221191407
-21.815823364257813,12.451262474060059,18.471101760864258
2.220436716079712,-1.9620568037033081,20.20601577758789
7.713467121124268,-0.2068113327026367,1.2301647901535033
10.05400047302246,-31.185076904296874,33.93436889648437
8.082863044738769,-2.003444027900696,31.471931838989256
2.8500784397125245,13.899689483642579,26.677903366088866
13.358684158325195,-16.69328918457031,14.556231689453124
10.988346481323243,-42.680396270751956,15.108570098876953
6.640266704559326,10.637373161315917,0.453867769241333
6.930902004241943,-67.57899475097656,15.505805397033692
12.908080673217773,2.7113035678863526,7.589977550506592
-7.109556865692139,5.950139904022217,24.866531753540038
0.5790459632873535,15.587744903564452,6.159542274475098
-11.219862937927246,-62.579736328125,22.381078720092773
10.74769172668457,20.02708282470703,0.8617011308670044
-55.779154205322264,7.410186862945556,24.12271385192871
-32.68886489868164,11.553895378112793,30.688444519042967
-5.549960517883301,-69.76789703369141,3.2612151145935058
-32.93464050292969,8.461742401123047,12.041496467590331
10.321636390686034,-19.366544723510742,21.065776443481447
-2.157156753540039,-73.39087524414063,9.47795066833496
8.523624801635743,-21.115108489990234,33.45091781616211
3.4757619380950926,-66.71369323730468,34.86115951538086
5.802183818817139,-59.232198333740236,15.38837890625
7.991705989837646,-0.23950438499450682,1.4121487379074096
10.18542251586914,14.806321716308593,32.39119033813476
11.334750175476074,3.3577401638031006,0.9331346988677979
-14.922963523864746,10.126728820800782,24.94836845397949
6.31735315322876,-64.02901077270508,15.673019981384277
8.980345153808594,-41.85509490966797,8.732352828979492
-4.047647190093994,-65.5984130859375,28.6131893157959
6.642278957366943,3.9648632526397707,32.556575012207034
9.145911026000977,11.653754043579102,0.3107928276062012
-9.382418632507324,-64.64239349365235,35.01967086791992
6.314815616607666,-64.61992797851562,27.965998458862305
-34.59914321899414,8.153010749816895,17.832048416137695
18.681887054443358,-11.165352249145508,1.9038081169128418
8.333178901672364,8.46392879486084,19.532214736938478
-49.18632125854492,-15.946745109558105,4.141239166259766
-15.654875373840332,-57.62032623291016,15.964570045471191
-1.570156168937683,-54.78197708129883,21.642715835571288
-9.579404640197755,-67.45816192626953,34.64529724121094
1.4513591289520265,8.845180702209472,32.335383605957034
-23.44429702758789,-53.477335357666014,22.409622573852538
7.642709636688233,-17.87125358581543,1.896174693107605
20.207454681396484,-17.894086837768555,8.366868782043458
1.5552366256713868,-44.43692321777344,27.359244918823244
7.964560890197754,-65.93787384033203,2.9504387855529783
-4.712078475952149,-71.4552001953125,3.1522894859313966
-67.36458282470703,7.936479091644287,11.024288368225097
-6.228825473785401,17.503125381469726,6.0463306427001955
-4.670779514312744,5.644199275970459,18.828844833374024
-4.473153018951416,-65.65028381347656,22.08430633544922
7.885616588592529,10.102345657348632,7.564330577850342
-1.0799655675888062,4.425065231323242,32.24483184814453
13.4588041305542,-60.34159545898437,15.550195121765137
14.925026321411133,6.051499080657959,13.242696380615234
-1.7827397584915161,-73.69664764404297,3.236145830154419
6.62103796005249,7.302254772186279,31.884341049194337
-69.66370239257813,0.6641709804534912,17.299550247192382
-0.26101877689361574,6.448082828521729,12.902237892150879
-20.933531188964842,-50.21888732910156,22.730719375610352
0.7704010009765625,-13.028256607055663,8.257472038269043
-3.0899008750915526,-0.5269824028015136,6.294108486175537
-54.268798828125,-31.7450927734375,10.323566055297851
-14.680095863342284,-61.1615493774414,22.546128463745116
-21.768806076049806,-66.29408264160156,3.4745802879333496
-35.186814880371095,-33.96328430175781,22.778404998779298
13.964275741577149,-7.928095722198487,1.9771163940429688
-27.47916488647461,-33.272744750976564,10.109571647644042
-26.126762008666994,16.742086029052736,18.425102615356444
-53.55595016479492,-28.125897216796876,10.294394302368165
11.262947273254394,-51.66636734008789,15.09292392730713
-65.32212677001954,-0.7457018852233886,29.514693450927734
-58.34398193359375,7.413241863250732,5.1829423904418945
5.314531898498535,-43.5980941772461,2.407458782196045
-11.843463134765624,-64.17782135009766,9.704680442810059
1.2961738586425782,-3.88704891204834,32.283607482910156
10.91349105834961,-13.92941837310791,8.38802890777588
6.810786342620849,4.472934150695801,25.117182540893555
-18.820023345947266,7.05319128036499,31.099778747558595
12.284685325622558,10.777645874023438,32.22538833618164
6.918242740631103,15.702153778076172,31.82256317138672
4.911739158630371,10.891350746154785,7.073748016357422
-58.07313842773438,13.51418571472168,5.133689594268799
12.499455833435059,-3.6743454933166504,26.751202392578126
-45.10547866821289,-36.035586547851565,10.232986068725586
-51.45645980834961,7.202007198333741,11.592291259765625
0.8271579742431641,-55.742523956298825,34.0439453125
-41.87790069580078,-31.560898208618163,4.126346683502197
4.937413215637207,5.116628551483155,7.940645790100097
9.126276588439941,13.829132080078125,31.49175109863281
-46.95042343139649,7.505043315887451,17.952143478393555
7.294160938262939,-44.9533935546875,21.210834121704103
4.888811683654785,-67.53009796142578,3.1415180206298827
14.941264343261718,1.767915964126587,14.28681240081787
17.2063232421875,9.754945182800293,0.6538225173950195
-10.85938606262207,7.069711780548095,12.352647018432616
-53.24624176025391,-25.642871856689453,29.12803840637207
10.123530197143555,-49.51234130859375,15.15092601776123
-70.13907775878906,-8.937760353088379,29.61464958190918
14.597941589355468,10.482096862792968,26.251992797851564
10.661821937561035,11.590975952148437,7.471058940887451
15.694840240478516,6.927317523956299,1.3028274059295655
8.284524917602539,16.424640274047853,7.4938867568969725
-58.68104629516601,9.304085540771485,17.79352722167969
-26.0600944519043,2.7735996723175047,5.682276821136474
3.477811002731323,6.718765735626221,0.8209977626800538
-74.03954772949218,-5.410793018341065,11.060156631469727
16.169800186157225,-0.24629383087158202,26.823352813720703
2.8541200160980225,-52.556373596191406,27.935736083984374
-77.18793334960938,-3.1748254776000975,4.788177967071533
-75.83294372558593,-0.844119930267334,29.72594871520996
5.900346088409424,-53.51489944458008,2.6760669708251954
11.898630714416504,-4.39681224822998,7.680553436279297
5.737423610687256,-57.44287109375,15.396523094177246
-54.4234016418457,-1.5603711366653443,5.182080364227295
7.079909229278565,-16.329354095458985,2.029884696006775
5.739065170288086,6.456038761138916,25.56406936645508
9.816207885742188,-16.79743537902832,33.49441833496094
2.870957040786743,11.626633834838866,25.536380767822266
-4.882996273040772,-69.05448150634766,21.935455322265625
-39.52018356323242,10.279241561889648,30.45708885192871
-65.089697265625,0.736742353439331,23.79641990661621
7.744314861297608,-2.609266757965088,14.398198127746582
-9.93584098815918,9.93400821685791,31.04063835144043
3.8260377407073975,-64.64290466308594,9.094250106811524
2.734019899368286,-8.854119873046875,20.600949096679688
14.403870773315429,12.155671310424804,13.502132415771484
-20.06456413269043,-54.39995346069336,28.893822479248048
-7.385429000854492,0.42241859436035156,18.58431205749512
-0.15416154861450196,-76.78190612792969,34.533477020263675
-70.52136535644532,0.18926920890808105,17.146191024780272
-15.291872215270995,10.95571403503418,11.947356033325196
8.031542873382568,12.035028076171875,31.830581283569337
-52.50392532348633,-25.953898239135743,10.34155044555664
9.320666313171387,-32.51631622314453,27.574193954467773
10.49315528869629,-4.119309616088867,1.85285804271698
7.980491638183594,12.764872550964355,25.783938598632812
-31.389827728271484,3.2579662799835205,18.090630340576173
12.155510902404785,-47.48726577758789,27.76949272155762
-18.068658447265626,15.260726928710938,18.239109802246094
10.621619606018067,-3.0508205890655518,33.03283462524414
-63.15990524291992,-22.202648544311522,23.119864654541015
11.810740089416504,-5.303023052215576,33.35000228881836
-10.77662410736084,-64.05910034179688,9.731526947021484
-37.95043258666992,-36.364743041992185,16.478779602050782
5.255817127227783,6.038787174224853,32.72697143554687
-36.629833984375,-42.57948455810547,28.992511367797853
-46.8520751953125,-16.775402450561522,29.19811096191406
-38.225074005126956,-34.121916961669925,3.9571731090545654
-69.07648162841797,0.573523473739624,29.83200912475586
4.250345516204834,0.4540712356567383,6.48901481628418
6.127051258087159,8.868325233459473,13.218785285949707
-29.28797721862793,1.4962673664093018,12.00063190460205
-67.32132110595703,0.8640523910522461,11.306363487243653
-14.134600257873535,9.879208374023438,12.301026344299316
3.8380546092987062,-50.622423553466795,33.961412811279295
12.594254112243652,-11.831928634643555,1.965531301498413
-49.880689239501955,3.452420473098755,30.443587875366212
-56.06699829101562,-24.00545768737793,16.783060455322264
-58.77013397216797,-19.052787017822265,4.304131698608399
12.895244598388672,-4.620405197143555,20.145101165771486
2.4106709003448485,0.20317091941833496,25.894224548339842
-16.213096618652344,-57.926421356201175,34.82290267944336
-8.683547973632812,8.382661819458008,24.706884384155273
-35.83090744018555,20.11562156677246,24.36333122253418
-46.40212783813477,-36.2034912109375,22.598858261108397
6.778130626678466,-67.83872528076172,15.581461524963379
6.908669376373291,16.897620391845702,25.555990982055665
14.50720672607422,-38.98731307983398,2.4360059261322022
-15.71900749206543,13.537447357177735,5.996173477172851
2.732020711898804,16.064620590209962,31.74273567199707
-65.63661346435546,-13.159612274169922,4.38661756515503
5.326255130767822,15.019429016113282,31.829825973510744
-21.995407104492188,-46.212519836425784,16.211078262329103
-6.843685913085937,9.019696617126465,-0.003825855255126953
-9.223917007446289,-62.90016555786133,28.450479125976564
9.10158462524414,10.261982536315918,32.581484985351565
-3.037356805801392,-26.499610900878906,33.88046112060547
-76.13439331054687,-1.5716483354568482,4.491858100891113
15.299526596069336,8.261793518066407,25.950106048583983
1.4446303367614746,-69.73862152099609,21.611952209472655
10.127561569213867,3.710411310195923,20.454904556274414
-72.27986297607421,-17.15753746032715,29.599273681640625
-22.864859771728515,-42.58465423583984,22.60872611999512
2.6769922733306886,11.505732917785645,6.19398717880249
-16.855953216552734,-51.4202018737793,9.795415306091309
18.52224006652832,-22.740651321411132,20.880330657958986
-16.52637176513672,-51.84363479614258,29.00140724182129
10.444868850708009,2.069973039627075,33.13220901489258
-34.11020202636719,-50.27020492553711,3.908169174194336
-0.3276280403137207,18.385930252075195,25.06748161315918
2.989714002609253,-71.07027587890624,34.618761444091795
1.8469179630279542,15.572587585449218,12.778427505493164
0.2933642387390137,-45.04139404296875,33.81618957519531
-15.499568557739257,3.6307252407073975,24.775888442993164
16.381475067138673,9.089448165893554,0.6532943725585938
4.908329486846924,-1.2475220441818238,7.857824897766113
-8.900732803344727,-59.13941650390625,28.759302139282227
7.534521579742432,-28.768787384033203,21.061953735351562
1.197298526763916,6.23624963760376,0.7300700664520263
-68.62308959960937,-8.100988006591797,4.569622802734375
15.787786483764648,8.654287147521973,14.13437728881836
9.028609657287598,0.27878832817077637,19.091260528564455
9.47143783569336,3.2448610782623293,1.0238394737243652
-14.655764389038087,11.36422233581543,31.121017456054688
17.3824893951416,1.0168872833251954,1.5775806665420533
9.951934051513671,-15.526805877685547,27.261811447143554
6.324446010589599,-78.24073944091796,28.268509292602538
-28.70439224243164,-48.7541000366211,9.926246452331544
-13.270187377929688,10.180544090270995,12.156926727294922
6.024866962432862,12.502031326293945,1.0750362396240234
-53.603372192382814,-25.450394058227538,22.996128845214844
-60.00992660522461,-14.749465560913086,10.502992057800293
11.793493461608886,9.838416862487794,31.977140808105467
3.3703903675079347,-1.0802706480026245,20.241159439086914
1.2306226253509522,-51.46650390625,15.22662296295166
-18.543828582763673,5.559685611724854,6.066023635864258
-31.8361083984375,-37.75506820678711,10.108253479003906
7.249443531036377,-13.467801094055176,7.894326782226562
10.967800712585449,-16.87988395690918,26.875679397583006
12.002955436706543,5.069899368286133,19.600628280639647
4.293902397155762,11.76131649017334,25.918130493164064
6.219112491607666,1.4339904308319091,1.2664615869522096
-38.089239501953124,6.478102397918701,24.460189819335938
-48.75781936645508,-17.881939315795897,4.191726112365723
-54.3401123046875,-17.172802734375,16.79520263671875
-61.536993408203124,-16.90353927612305,10.510090827941895
-22.359582138061523,2.3150161266326905,30.982096099853514
-26.07452049255371,15.9645206451416,5.664525032043457
-39.01695556640625,-38.406358337402345,3.9550272464752196
4.853061771392822,23.506063842773436,25.23281364440918
6.057063961029053,9.798729515075683,13.434526062011718
16.431518936157225,-67.7533676147461,21.75753746032715
13.993341064453125,8.314102172851562,32.39250259399414
6.879422283172607,-50.90165634155274,14.963021278381348
13.228688621520996,-63.51030044555664,27.80722885131836
0.9954029083251953,11.730361557006836,0.03731622695922852
23.19831085205078,-35.0815933227539,14.777943229675293
-52.953260040283205,8.121091651916505,11.657592391967773
8.24858055114746,-39.571965026855466,8.656566619873047
-52.45267333984375,-26.786143493652343,16.796252822875978
7.146041011810302,-65.29921875,27.87816963195801
0.40130343437194826,-43.35952453613281,2.5435292720794678
-8.432338333129882,7.728004741668701,18.6484806060791
10.86205005645752,5.7861353874206545,0.6952022790908814
-12.980779266357422,-66.20964965820312,34.95699462890625
7.344068622589111,5.7608922004699705,14.317640495300292
4.425417041778564,-40.965153503417966,27.38245964050293
5.823233127593994,15.846754837036134,0.6628893852233887
18.152924728393554,9.196699333190917,7.344993782043457
-43.91277847290039,-20.734791946411132,23.036988830566408
3.0055734157562255,10.482430267333985,13.206185150146485
-3.4038633346557616,-76.24221496582031,28.08635482788086
-0.10973405838012695,12.435585403442383,12.735356330871582
-25.24606399536133,-58.706982421875,22.4676872253418
2.588095235824585,1.205075216293335,6.89427080154419
6.585795116424561,7.176458835601807,25.223957824707032
18.16623458862305,5.595551586151123,7.860848617553711
-56.50393524169922,-20.804592895507813,4.421835041046142
-58.52268600463867,-11.818086433410645,22.97958335876465
17.989263153076173,15.02862777709961,19.407651519775392
-12.804043769836426,6.133477687835693,12.34955997467041
8.794162368774414,11.182446479797363,12.873298263549804
-20.048359680175782,13.63743896484375,18.150483322143554
10.947021865844727,-70.4669204711914,28.052794647216796
-12.767120361328125,-73.33944549560547,15.995563316345216
8.035205268859864,-2.890179252624512,13.996946144104005
2.2742608547210694,11.361420059204102,19.91521873474121
-53.922140502929686,3.371307611465454,11.31355686187744
17.14235916137695,-70.62817993164063,21.55089111328125
-1.3416722536087036,-17.970963287353516,14.676599311828614
-72.21307525634765,8.804762840270996,23.797776794433595
4.699656295776367,-23.976047897338866,33.46631774902344
14.830134963989257,9.25567569732666,19.095629501342774
-2.98454327583313,9.580902862548829,31.3357852935791
-6.969380569458008,10.537622833251953,5.83551664352417
-1.9870829820632934,15.265354919433594,0.23013224601745605
-50.11670608520508,-14.4694393157959,4.239786529541016
1.5654474735260009,6.920795726776123,12.414749145507812
-1.855663013458252,17.963681793212892,25.453422927856444
-25.211573791503906,-27.079875946044922,22.834332275390626
5.597106266021728,-67.40274658203126,21.49745445251465
-24.44064598083496,-52.8280029296875,10.088870239257812
-53.643942260742186,-24.504517364501954,10.485415840148926
-63.74033126831055,-11.73956127166748,29.699087142944336
-21.24458465576172,-58.974708557128906,34.87473983764649
-13.714430236816407,-54.17783432006836,3.525217962265015
4.024231958389282,-9.466408348083496,1.7808776140213012
-71.69395141601562,5.007145977020263,29.95050163269043
9.55967445373535,3.868682050704956,26.389470672607423
13.374423027038574,5.894827365875244,20.145100021362303
-0.23040075302124025,5.879354763031006,20.429022979736327
5.9287341117858885,3.1770073413848876,1.4581590652465821
-70.1130157470703,5.988090991973877,11.140083312988281
-2.474302339553833,14.15997772216797,18.74419288635254
13.163607597351074,-6.467875385284424,33.08733291625977
7.952114677429199,15.4147216796875,19.54023132324219
-36.9154914855957,11.251729011535645,30.507340240478516
7.344407176971435,2.6300366878509522,12.89976806640625
6.01915864944458,4.997344970703125,25.681966018676757
-5.0487189292907715,-67.46718902587891,34.409708404541014
-0.5695313453674317,-55.194182586669925,34.22671813964844
8.318366241455077,-64.46130828857422,34.279204559326175
12.057682609558105,-12.619261360168457,8.391195487976074
-53.01962585449219,8.103863525390626,11.592634391784667
14.286997985839843,6.2125725746154785,31.878711318969728
8.134263610839843,-54.59288711547852,15.186211776733398
-44.14853286743164,8.806537628173828,30.8247314453125
13.565494728088378,-5.443345642089843,26.881218719482423
-45.557402801513675,-26.445370864868163,4.010066413879395
1.1262245178222656,-69.38081359863281,15.500818824768066
-4.44777774810791,-71.5471435546875,3.2168092250823976
-47.94236602783203,-32.02405204772949,4.071919727325439
3.6501182079315186,-3.0468209266662596,6.16715669631958
-75.16357116699218,-0.8043283939361572,11.147762489318847
-9.449389457702637,11.726670265197754,12.616200828552246
15.784902191162109,12.704998016357422,19.55134162902832
-23.313232803344725,11.531148529052734,5.688283824920655
-8.999560165405274,10.075014686584472,24.875543212890626
-34.066470336914065,-44.5605354309082,28.964708709716795
-5.630174255371093,-69.97935028076172,34.64839477539063
2.857594633102417,13.275457191467286,31.601804733276367
10.95606746673584,4.77000207901001,7.890013313293457
10.196621322631836,13.603176879882813,13.132111930847168
-72.0935791015625,-0.1410836696624756,17.22742462158203
10.291984367370606,-2.9009939670562743,14.156656074523926
-26.33069610595703,6.096140003204345,11.934192848205566
-11.879010009765626,-58.369869232177734,28.34048080444336
-12.838244247436524,5.450619220733643,5.662376594543457
7.397561550140381,4.994791030883789,13.440307426452637
-66.02038116455078,-3.215187644958496,4.740604114532471
6.690244960784912,4.201844596862793,19.008089447021483
14.704689025878906,3.3635026454925536,19.719219589233397
14.444366836547852,-5.072659015655518,14.464538383483887
-63.554248046875,3.225632429122925,30.35835952758789
-48.26823043823242,-41.19324645996094,29.170238876342772
2.388837766647339,4.161254787445069,12.676873397827148
7.6326220512390135,-71.4099365234375,3.2020030975341798
-69.69746704101563,-14.350589942932128,29.605089950561524
-7.575163459777832,-71.03326568603515,34.901519775390625
6.180921459197998,-0.3293543815612793,1.6963337421417237
-0.7857965946197509,18.32240409851074,12.85125789642334
-56.516047668457034,5.865397167205811,17.721067047119142
15.106206893920898,8.82596950531006,19.496148300170898
3.948124647140503,-16.582833099365235,20.81221122741699
-21.51247215270996,-56.35019149780273,22.71014747619629
6.367218685150147,4.5961606979370115,0.774938702583313
-41.55259628295899,10.135666656494141,24.44330253601074
-46.51626739501953,-27.652466201782225,22.9266300201416
-0.08077411651611328,-63.236690521240234,15.98616008758545
11.91472930908203,12.309941291809082,31.954001235961915
-30.8646183013916,7.9938733100891115,30.86287612915039
-25.81883659362793,11.272233009338379,5.64399299621582
-40.9093879699707,-30.04275588989258,29.024307632446288
-2.292435359954834,-68.13620452880859,34.46668319702148
0.9679701328277588,3.270380449295044,31.41016960144043
7.229849529266358,1.4916598796844482,12.596917533874512
-4.998541164398193,13.524612045288086,1.7955448627471924
-43.47260971069336,9.04611587524414,24.100239181518553
8.975230979919434,4.545673370361328,8.162192344665527
-7.785536003112793,11.292764663696289,18.75878486633301
-61.82929306030273,4.471393489837647,17.726543045043947
7.063963603973389,6.744847202301026,0.9672013044357299
4.900756740570069,10.182332038879395,13.959402656555175
-3.516465425491333,1.2236124515533446,25.06657485961914
6.584939289093017,-39.57252655029297,2.3369091510772706
7.181250095367432,10.298015213012695,13.104825401306153
8.08583106994629,5.158315753936767,7.663680744171143
6.598013973236084,5.107647228240967,1.0072933435440063
8.016883087158202,12.263386726379395,12.869062232971192
13.37643814086914,-1.521962785720825,26.85411491394043
-37.07279663085937,-42.049842071533206,22.69246482849121
-11.595913505554199,8.817443656921387,24.952175521850585
7.782581615447998,5.858294200897217,1.0207676410675048
-56.90055847167969,-20.512282180786134,16.865690994262696
-57.65111083984375,-18.889369583129884,10.56575870513916
